Year,Age_of_husband,Age_of_wife,Count
1984,20-29 ans,20-29 ans,1288
1984,20-29 ans,30-39 ans,242
1984,20-29 ans,40-49 ans,22
1984,20-29 ans,50-59 ans,6
1984,20-29 ans,60-69 ans,1
1984,20-29 ans,70-79 ans,0
1984,20-29 ans,80-89 ans,0
1984,20-29 ans,90 ans ou plus,0
1984,20-29 ans,Moins de 20 ans,9
1984,30-39 ans,20-29 ans,1307
1984,30-39 ans,30-39 ans,3056
1984,30-39 ans,40-49 ans,327
1984,30-39 ans,50-59 ans,18
1984,30-39 ans,60-69 ans,3
1984,30-39 ans,70-79 ans,0
1984,30-39 ans,80-89 ans,0
1984,30-39 ans,90 ans ou plus,0
1984,30-39 ans,Moins de 20 ans,1
1984,40-49 ans,20-29 ans,125
1984,40-49 ans,30-39 ans,1319
1984,40-49 ans,40-49 ans,1802
1984,40-49 ans,50-59 ans,123
1984,40-49 ans,60-69 ans,5
1984,40-49 ans,70-79 ans,1
1984,40-49 ans,80-89 ans,0
1984,40-49 ans,90 ans ou plus,0
1984,40-49 ans,Moins de 20 ans,0
1984,50-59 ans,20-29 ans,15
1984,50-59 ans,30-39 ans,129
1984,50-59 ans,40-49 ans,551
1984,50-59 ans,50-59 ans,466
1984,50-59 ans,60-69 ans,47
1984,50-59 ans,70-79 ans,4
1984,50-59 ans,80-89 ans,0
1984,50-59 ans,90 ans ou plus,0
1984,50-59 ans,Moins de 20 ans,0
1984,60-69 ans,20-29 ans,1
1984,60-69 ans,30-39 ans,17
1984,60-69 ans,40-49 ans,60
1984,60-69 ans,50-59 ans,104
1984,60-69 ans,60-69 ans,104
1984,60-69 ans,70-79 ans,10
1984,60-69 ans,80-89 ans,0
1984,60-69 ans,90 ans ou plus,0
1984,60-69 ans,Moins de 20 ans,0
1984,70-79 ans,20-29 ans,1
1984,70-79 ans,30-39 ans,0
1984,70-79 ans,40-49 ans,6
1984,70-79 ans,50-59 ans,14
1984,70-79 ans,60-69 ans,18
1984,70-79 ans,70-79 ans,10
1984,70-79 ans,80-89 ans,2
1984,70-79 ans,90 ans ou plus,0
1984,70-79 ans,Moins de 20 ans,0
1984,80-89 ans,20-29 ans,0
1984,80-89 ans,30-39 ans,0
1984,80-89 ans,40-49 ans,1
1984,80-89 ans,50-59 ans,0
1984,80-89 ans,60-69 ans,2
1984,80-89 ans,70-79 ans,1
1984,80-89 ans,80-89 ans,0
1984,80-89 ans,90 ans ou plus,0
1984,80-89 ans,Moins de 20 ans,0
1984,90 ans ou plus,20-29 ans,0
1984,90 ans ou plus,30-39 ans,0
1984,90 ans ou plus,40-49 ans,0
1984,90 ans ou plus,50-59 ans,0
1984,90 ans ou plus,60-69 ans,0
1984,90 ans ou plus,70-79 ans,0
1984,90 ans ou plus,80-89 ans,0
1984,90 ans ou plus,90 ans ou plus,0
1984,90 ans ou plus,Moins de 20 ans,0
1984,Moins de 20 ans,20-29 ans,0
1984,Moins de 20 ans,30-39 ans,0
1984,Moins de 20 ans,40-49 ans,0
1984,Moins de 20 ans,50-59 ans,0
1984,Moins de 20 ans,60-69 ans,0
1984,Moins de 20 ans,70-79 ans,0
1984,Moins de 20 ans,80-89 ans,0
1984,Moins de 20 ans,90 ans ou plus,0
1984,Moins de 20 ans,Moins de 20 ans,1
1985,20-29 ans,20-29 ans,1279
1985,20-29 ans,30-39 ans,284
1985,20-29 ans,40-49 ans,29
1985,20-29 ans,50-59 ans,4
1985,20-29 ans,60-69 ans,1
1985,20-29 ans,70-79 ans,1
1985,20-29 ans,80-89 ans,1
1985,20-29 ans,90 ans ou plus,0
1985,20-29 ans,Moins de 20 ans,7
1985,30-39 ans,20-29 ans,1267
1985,30-39 ans,30-39 ans,3054
1985,30-39 ans,40-49 ans,336
1985,30-39 ans,50-59 ans,21
1985,30-39 ans,60-69 ans,4
1985,30-39 ans,70-79 ans,0
1985,30-39 ans,80-89 ans,0
1985,30-39 ans,90 ans ou plus,0
1985,30-39 ans,Moins de 20 ans,1
1985,40-49 ans,20-29 ans,130
1985,40-49 ans,30-39 ans,1304
1985,40-49 ans,40-49 ans,1867
1985,40-49 ans,50-59 ans,135
1985,40-49 ans,60-69 ans,9
1985,40-49 ans,70-79 ans,0
1985,40-49 ans,80-89 ans,0
1985,40-49 ans,90 ans ou plus,0
1985,40-49 ans,Moins de 20 ans,1
1985,50-59 ans,20-29 ans,17
1985,50-59 ans,30-39 ans,125
1985,50-59 ans,40-49 ans,557
1985,50-59 ans,50-59 ans,511
1985,50-59 ans,60-69 ans,38
1985,50-59 ans,70-79 ans,6
1985,50-59 ans,80-89 ans,0
1985,50-59 ans,90 ans ou plus,0
1985,50-59 ans,Moins de 20 ans,0
1985,60-69 ans,20-29 ans,4
1985,60-69 ans,30-39 ans,10
1985,60-69 ans,40-49 ans,79
1985,60-69 ans,50-59 ans,140
1985,60-69 ans,60-69 ans,113
1985,60-69 ans,70-79 ans,12
1985,60-69 ans,80-89 ans,1
1985,60-69 ans,90 ans ou plus,0
1985,60-69 ans,Moins de 20 ans,0
1985,70-79 ans,20-29 ans,1
1985,70-79 ans,30-39 ans,2
1985,70-79 ans,40-49 ans,4
1985,70-79 ans,50-59 ans,16
1985,70-79 ans,60-69 ans,25
1985,70-79 ans,70-79 ans,8
1985,70-79 ans,80-89 ans,0
1985,70-79 ans,90 ans ou plus,0
1985,70-79 ans,Moins de 20 ans,0
1985,80-89 ans,20-29 ans,0
1985,80-89 ans,30-39 ans,0
1985,80-89 ans,40-49 ans,1
1985,80-89 ans,50-59 ans,0
1985,80-89 ans,60-69 ans,5
1985,80-89 ans,70-79 ans,4
1985,80-89 ans,80-89 ans,1
1985,80-89 ans,90 ans ou plus,0
1985,80-89 ans,Moins de 20 ans,0
1985,90 ans ou plus,20-29 ans,0
1985,90 ans ou plus,30-39 ans,0
1985,90 ans ou plus,40-49 ans,0
1985,90 ans ou plus,50-59 ans,0
1985,90 ans ou plus,60-69 ans,0
1985,90 ans ou plus,70-79 ans,0
1985,90 ans ou plus,80-89 ans,0
1985,90 ans ou plus,90 ans ou plus,0
1985,90 ans ou plus,Moins de 20 ans,0
1985,Moins de 20 ans,20-29 ans,1
1985,Moins de 20 ans,30-39 ans,0
1985,Moins de 20 ans,40-49 ans,0
1985,Moins de 20 ans,50-59 ans,0
1985,Moins de 20 ans,60-69 ans,0
1985,Moins de 20 ans,70-79 ans,0
1985,Moins de 20 ans,80-89 ans,0
1985,Moins de 20 ans,90 ans ou plus,0
1985,Moins de 20 ans,Moins de 20 ans,0
1986,20-29 ans,20-29 ans,1240
1986,20-29 ans,30-39 ans,247
1986,20-29 ans,40-49 ans,19
1986,20-29 ans,50-59 ans,4
1986,20-29 ans,60-69 ans,0
1986,20-29 ans,70-79 ans,0
1986,20-29 ans,80-89 ans,0
1986,20-29 ans,90 ans ou plus,0
1986,20-29 ans,Moins de 20 ans,5
1986,30-39 ans,20-29 ans,1260
1986,30-39 ans,30-39 ans,2893
1986,30-39 ans,40-49 ans,316
1986,30-39 ans,50-59 ans,33
1986,30-39 ans,60-69 ans,2
1986,30-39 ans,70-79 ans,1
1986,30-39 ans,80-89 ans,1
1986,30-39 ans,90 ans ou plus,0
1986,30-39 ans,Moins de 20 ans,1
1986,40-49 ans,20-29 ans,154
1986,40-49 ans,30-39 ans,1304
1986,40-49 ans,40-49 ans,1995
1986,40-49 ans,50-59 ans,155
1986,40-49 ans,60-69 ans,11
1986,40-49 ans,70-79 ans,0
1986,40-49 ans,80-89 ans,0
1986,40-49 ans,90 ans ou plus,0
1986,40-49 ans,Moins de 20 ans,0
1986,50-59 ans,20-29 ans,17
1986,50-59 ans,30-39 ans,112
1986,50-59 ans,40-49 ans,644
1986,50-59 ans,50-59 ans,492
1986,50-59 ans,60-69 ans,42
1986,50-59 ans,70-79 ans,3
1986,50-59 ans,80-89 ans,0
1986,50-59 ans,90 ans ou plus,0
1986,50-59 ans,Moins de 20 ans,0
1986,60-69 ans,20-29 ans,0
1986,60-69 ans,30-39 ans,16
1986,60-69 ans,40-49 ans,76
1986,60-69 ans,50-59 ans,143
1986,60-69 ans,60-69 ans,121
1986,60-69 ans,70-79 ans,11
1986,60-69 ans,80-89 ans,1
1986,60-69 ans,90 ans ou plus,0
1986,60-69 ans,Moins de 20 ans,0
1986,70-79 ans,20-29 ans,1
1986,70-79 ans,30-39 ans,2
1986,70-79 ans,40-49 ans,9
1986,70-79 ans,50-59 ans,9
1986,70-79 ans,60-69 ans,34
1986,70-79 ans,70-79 ans,11
1986,70-79 ans,80-89 ans,4
1986,70-79 ans,90 ans ou plus,0
1986,70-79 ans,Moins de 20 ans,0
1986,80-89 ans,20-29 ans,1
1986,80-89 ans,30-39 ans,0
1986,80-89 ans,40-49 ans,1
1986,80-89 ans,50-59 ans,0
1986,80-89 ans,60-69 ans,2
1986,80-89 ans,70-79 ans,2
1986,80-89 ans,80-89 ans,0
1986,80-89 ans,90 ans ou plus,0
1986,80-89 ans,Moins de 20 ans,0
1986,90 ans ou plus,20-29 ans,0
1986,90 ans ou plus,30-39 ans,0
1986,90 ans ou plus,40-49 ans,0
1986,90 ans ou plus,50-59 ans,0
1986,90 ans ou plus,60-69 ans,0
1986,90 ans ou plus,70-79 ans,0
1986,90 ans ou plus,80-89 ans,0
1986,90 ans ou plus,90 ans ou plus,0
1986,90 ans ou plus,Moins de 20 ans,0
1986,Moins de 20 ans,20-29 ans,0
1986,Moins de 20 ans,30-39 ans,0
1986,Moins de 20 ans,40-49 ans,0
1986,Moins de 20 ans,50-59 ans,0
1986,Moins de 20 ans,60-69 ans,0
1986,Moins de 20 ans,70-79 ans,0
1986,Moins de 20 ans,80-89 ans,0
1986,Moins de 20 ans,90 ans ou plus,0
1986,Moins de 20 ans,Moins de 20 ans,0
1987,20-29 ans,20-29 ans,1156
1987,20-29 ans,30-39 ans,252
1987,20-29 ans,40-49 ans,29
1987,20-29 ans,50-59 ans,7
1987,20-29 ans,60-69 ans,0
1987,20-29 ans,70-79 ans,0
1987,20-29 ans,80-89 ans,0
1987,20-29 ans,90 ans ou plus,0
1987,20-29 ans,Moins de 20 ans,8
1987,30-39 ans,20-29 ans,1271
1987,30-39 ans,30-39 ans,2845
1987,30-39 ans,40-49 ans,349
1987,30-39 ans,50-59 ans,21
1987,30-39 ans,60-69 ans,5
1987,30-39 ans,70-79 ans,1
1987,30-39 ans,80-89 ans,0
1987,30-39 ans,90 ans ou plus,0
1987,30-39 ans,Moins de 20 ans,1
1987,40-49 ans,20-29 ans,115
1987,40-49 ans,30-39 ans,1383
1987,40-49 ans,40-49 ans,2039
1987,40-49 ans,50-59 ans,155
1987,40-49 ans,60-69 ans,11
1987,40-49 ans,70-79 ans,0
1987,40-49 ans,80-89 ans,0
1987,40-49 ans,90 ans ou plus,0
1987,40-49 ans,Moins de 20 ans,0
1987,50-59 ans,20-29 ans,25
1987,50-59 ans,30-39 ans,108
1987,50-59 ans,40-49 ans,649
1987,50-59 ans,50-59 ans,575
1987,50-59 ans,60-69 ans,56
1987,50-59 ans,70-79 ans,0
1987,50-59 ans,80-89 ans,1
1987,50-59 ans,90 ans ou plus,0
1987,50-59 ans,Moins de 20 ans,0
1987,60-69 ans,20-29 ans,4
1987,60-69 ans,30-39 ans,18
1987,60-69 ans,40-49 ans,69
1987,60-69 ans,50-59 ans,165
1987,60-69 ans,60-69 ans,126
1987,60-69 ans,70-79 ans,13
1987,60-69 ans,80-89 ans,0
1987,60-69 ans,90 ans ou plus,0
1987,60-69 ans,Moins de 20 ans,0
1987,70-79 ans,20-29 ans,0
1987,70-79 ans,30-39 ans,2
1987,70-79 ans,40-49 ans,8
1987,70-79 ans,50-59 ans,18
1987,70-79 ans,60-69 ans,36
1987,70-79 ans,70-79 ans,16
1987,70-79 ans,80-89 ans,4
1987,70-79 ans,90 ans ou plus,0
1987,70-79 ans,Moins de 20 ans,0
1987,80-89 ans,20-29 ans,0
1987,80-89 ans,30-39 ans,0
1987,80-89 ans,40-49 ans,0
1987,80-89 ans,50-59 ans,3
1987,80-89 ans,60-69 ans,5
1987,80-89 ans,70-79 ans,2
1987,80-89 ans,80-89 ans,1
1987,80-89 ans,90 ans ou plus,0
1987,80-89 ans,Moins de 20 ans,0
1987,90 ans ou plus,20-29 ans,0
1987,90 ans ou plus,30-39 ans,0
1987,90 ans ou plus,40-49 ans,0
1987,90 ans ou plus,50-59 ans,0
1987,90 ans ou plus,60-69 ans,0
1987,90 ans ou plus,70-79 ans,0
1987,90 ans ou plus,80-89 ans,0
1987,90 ans ou plus,90 ans ou plus,0
1987,90 ans ou plus,Moins de 20 ans,0
1987,Moins de 20 ans,20-29 ans,1
1987,Moins de 20 ans,30-39 ans,0
1987,Moins de 20 ans,40-49 ans,0
1987,Moins de 20 ans,50-59 ans,0
1987,Moins de 20 ans,60-69 ans,0
1987,Moins de 20 ans,70-79 ans,0
1987,Moins de 20 ans,80-89 ans,0
1987,Moins de 20 ans,90 ans ou plus,0
1987,Moins de 20 ans,Moins de 20 ans,0
1988,20-29 ans,20-29 ans,1199
1988,20-29 ans,30-39 ans,264
1988,20-29 ans,40-49 ans,32
1988,20-29 ans,50-59 ans,9
1988,20-29 ans,60-69 ans,0
1988,20-29 ans,70-79 ans,0
1988,20-29 ans,80-89 ans,0
1988,20-29 ans,90 ans ou plus,0
1988,20-29 ans,Moins de 20 ans,11
1988,30-39 ans,20-29 ans,1313
1988,30-39 ans,30-39 ans,3120
1988,30-39 ans,40-49 ans,396
1988,30-39 ans,50-59 ans,32
1988,30-39 ans,60-69 ans,5
1988,30-39 ans,70-79 ans,1
1988,30-39 ans,80-89 ans,0
1988,30-39 ans,90 ans ou plus,0
1988,30-39 ans,Moins de 20 ans,2
1988,40-49 ans,20-29 ans,167
1988,40-49 ans,30-39 ans,1526
1988,40-49 ans,40-49 ans,2311
1988,40-49 ans,50-59 ans,192
1988,40-49 ans,60-69 ans,17
1988,40-49 ans,70-79 ans,3
1988,40-49 ans,80-89 ans,0
1988,40-49 ans,90 ans ou plus,0
1988,40-49 ans,Moins de 20 ans,0
1988,50-59 ans,20-29 ans,23
1988,50-59 ans,30-39 ans,153
1988,50-59 ans,40-49 ans,673
1988,50-59 ans,50-59 ans,670
1988,50-59 ans,60-69 ans,61
1988,50-59 ans,70-79 ans,2
1988,50-59 ans,80-89 ans,0
1988,50-59 ans,90 ans ou plus,0
1988,50-59 ans,Moins de 20 ans,0
1988,60-69 ans,20-29 ans,2
1988,60-69 ans,30-39 ans,21
1988,60-69 ans,40-49 ans,81
1988,60-69 ans,50-59 ans,183
1988,60-69 ans,60-69 ans,153
1988,60-69 ans,70-79 ans,10
1988,60-69 ans,80-89 ans,0
1988,60-69 ans,90 ans ou plus,0
1988,60-69 ans,Moins de 20 ans,0
1988,70-79 ans,20-29 ans,1
1988,70-79 ans,30-39 ans,6
1988,70-79 ans,40-49 ans,5
1988,70-79 ans,50-59 ans,17
1988,70-79 ans,60-69 ans,39
1988,70-79 ans,70-79 ans,16
1988,70-79 ans,80-89 ans,1
1988,70-79 ans,90 ans ou plus,0
1988,70-79 ans,Moins de 20 ans,0
1988,80-89 ans,20-29 ans,0
1988,80-89 ans,30-39 ans,0
1988,80-89 ans,40-49 ans,2
1988,80-89 ans,50-59 ans,0
1988,80-89 ans,60-69 ans,5
1988,80-89 ans,70-79 ans,2
1988,80-89 ans,80-89 ans,1
1988,80-89 ans,90 ans ou plus,0
1988,80-89 ans,Moins de 20 ans,0
1988,90 ans ou plus,20-29 ans,0
1988,90 ans ou plus,30-39 ans,0
1988,90 ans ou plus,40-49 ans,0
1988,90 ans ou plus,50-59 ans,0
1988,90 ans ou plus,60-69 ans,0
1988,90 ans ou plus,70-79 ans,0
1988,90 ans ou plus,80-89 ans,0
1988,90 ans ou plus,90 ans ou plus,0
1988,90 ans ou plus,Moins de 20 ans,0
1988,Moins de 20 ans,20-29 ans,4
1988,Moins de 20 ans,30-39 ans,0
1988,Moins de 20 ans,40-49 ans,0
1988,Moins de 20 ans,50-59 ans,0
1988,Moins de 20 ans,60-69 ans,0
1988,Moins de 20 ans,70-79 ans,0
1988,Moins de 20 ans,80-89 ans,0
1988,Moins de 20 ans,90 ans ou plus,0
1988,Moins de 20 ans,Moins de 20 ans,0
1989,20-29 ans,20-29 ans,1326
1989,20-29 ans,30-39 ans,298
1989,20-29 ans,40-49 ans,34
1989,20-29 ans,50-59 ans,7
1989,20-29 ans,60-69 ans,0
1989,20-29 ans,70-79 ans,1
1989,20-29 ans,80-89 ans,0
1989,20-29 ans,90 ans ou plus,0
1989,20-29 ans,Moins de 20 ans,7
1989,30-39 ans,20-29 ans,1428
1989,30-39 ans,30-39 ans,3022
1989,30-39 ans,40-49 ans,384
1989,30-39 ans,50-59 ans,34
1989,30-39 ans,60-69 ans,6
1989,30-39 ans,70-79 ans,2
1989,30-39 ans,80-89 ans,0
1989,30-39 ans,90 ans ou plus,0
1989,30-39 ans,Moins de 20 ans,2
1989,40-49 ans,20-29 ans,129
1989,40-49 ans,30-39 ans,1446
1989,40-49 ans,40-49 ans,2311
1989,40-49 ans,50-59 ans,166
1989,40-49 ans,60-69 ans,14
1989,40-49 ans,70-79 ans,1
1989,40-49 ans,80-89 ans,0
1989,40-49 ans,90 ans ou plus,0
1989,40-49 ans,Moins de 20 ans,0
1989,50-59 ans,20-29 ans,21
1989,50-59 ans,30-39 ans,156
1989,50-59 ans,40-49 ans,707
1989,50-59 ans,50-59 ans,659
1989,50-59 ans,60-69 ans,53
1989,50-59 ans,70-79 ans,3
1989,50-59 ans,80-89 ans,0
1989,50-59 ans,90 ans ou plus,0
1989,50-59 ans,Moins de 20 ans,0
1989,60-69 ans,20-29 ans,4
1989,60-69 ans,30-39 ans,26
1989,60-69 ans,40-49 ans,93
1989,60-69 ans,50-59 ans,157
1989,60-69 ans,60-69 ans,147
1989,60-69 ans,70-79 ans,11
1989,60-69 ans,80-89 ans,0
1989,60-69 ans,90 ans ou plus,0
1989,60-69 ans,Moins de 20 ans,0
1989,70-79 ans,20-29 ans,0
1989,70-79 ans,30-39 ans,6
1989,70-79 ans,40-49 ans,4
1989,70-79 ans,50-59 ans,10
1989,70-79 ans,60-69 ans,27
1989,70-79 ans,70-79 ans,15
1989,70-79 ans,80-89 ans,1
1989,70-79 ans,90 ans ou plus,0
1989,70-79 ans,Moins de 20 ans,0
1989,80-89 ans,20-29 ans,1
1989,80-89 ans,30-39 ans,0
1989,80-89 ans,40-49 ans,0
1989,80-89 ans,50-59 ans,1
1989,80-89 ans,60-69 ans,0
1989,80-89 ans,70-79 ans,1
1989,80-89 ans,80-89 ans,0
1989,80-89 ans,90 ans ou plus,0
1989,80-89 ans,Moins de 20 ans,0
1989,90 ans ou plus,20-29 ans,0
1989,90 ans ou plus,30-39 ans,0
1989,90 ans ou plus,40-49 ans,0
1989,90 ans ou plus,50-59 ans,0
1989,90 ans ou plus,60-69 ans,0
1989,90 ans ou plus,70-79 ans,0
1989,90 ans ou plus,80-89 ans,0
1989,90 ans ou plus,90 ans ou plus,0
1989,90 ans ou plus,Moins de 20 ans,0
1989,Moins de 20 ans,20-29 ans,0
1989,Moins de 20 ans,30-39 ans,0
1989,Moins de 20 ans,40-49 ans,0
1989,Moins de 20 ans,50-59 ans,0
1989,Moins de 20 ans,60-69 ans,0
1989,Moins de 20 ans,70-79 ans,0
1989,Moins de 20 ans,80-89 ans,0
1989,Moins de 20 ans,90 ans ou plus,0
1989,Moins de 20 ans,Moins de 20 ans,0
1990,20-29 ans,20-29 ans,1344
1990,20-29 ans,30-39 ans,303
1990,20-29 ans,40-49 ans,38
1990,20-29 ans,50-59 ans,4
1990,20-29 ans,60-69 ans,1
1990,20-29 ans,70-79 ans,0
1990,20-29 ans,80-89 ans,0
1990,20-29 ans,90 ans ou plus,0
1990,20-29 ans,Moins de 20 ans,5
1990,30-39 ans,20-29 ans,1363
1990,30-39 ans,30-39 ans,3189
1990,30-39 ans,40-49 ans,422
1990,30-39 ans,50-59 ans,40
1990,30-39 ans,60-69 ans,6
1990,30-39 ans,70-79 ans,0
1990,30-39 ans,80-89 ans,0
1990,30-39 ans,90 ans ou plus,0
1990,30-39 ans,Moins de 20 ans,1
1990,40-49 ans,20-29 ans,162
1990,40-49 ans,30-39 ans,1583
1990,40-49 ans,40-49 ans,2351
1990,40-49 ans,50-59 ans,211
1990,40-49 ans,60-69 ans,7
1990,40-49 ans,70-79 ans,0
1990,40-49 ans,80-89 ans,0
1990,40-49 ans,90 ans ou plus,0
1990,40-49 ans,Moins de 20 ans,0
1990,50-59 ans,20-29 ans,25
1990,50-59 ans,30-39 ans,151
1990,50-59 ans,40-49 ans,725
1990,50-59 ans,50-59 ans,646
1990,50-59 ans,60-69 ans,61
1990,50-59 ans,70-79 ans,3
1990,50-59 ans,80-89 ans,0
1990,50-59 ans,90 ans ou plus,0
1990,50-59 ans,Moins de 20 ans,0
1990,60-69 ans,20-29 ans,9
1990,60-69 ans,30-39 ans,21
1990,60-69 ans,40-49 ans,74
1990,60-69 ans,50-59 ans,172
1990,60-69 ans,60-69 ans,165
1990,60-69 ans,70-79 ans,17
1990,60-69 ans,80-89 ans,0
1990,60-69 ans,90 ans ou plus,0
1990,60-69 ans,Moins de 20 ans,0
1990,70-79 ans,20-29 ans,1
1990,70-79 ans,30-39 ans,2
1990,70-79 ans,40-49 ans,10
1990,70-79 ans,50-59 ans,14
1990,70-79 ans,60-69 ans,28
1990,70-79 ans,70-79 ans,16
1990,70-79 ans,80-89 ans,1
1990,70-79 ans,90 ans ou plus,0
1990,70-79 ans,Moins de 20 ans,0
1990,80-89 ans,20-29 ans,0
1990,80-89 ans,30-39 ans,1
1990,80-89 ans,40-49 ans,0
1990,80-89 ans,50-59 ans,3
1990,80-89 ans,60-69 ans,3
1990,80-89 ans,70-79 ans,4
1990,80-89 ans,80-89 ans,1
1990,80-89 ans,90 ans ou plus,0
1990,80-89 ans,Moins de 20 ans,0
1990,90 ans ou plus,20-29 ans,0
1990,90 ans ou plus,30-39 ans,0
1990,90 ans ou plus,40-49 ans,0
1990,90 ans ou plus,50-59 ans,0
1990,90 ans ou plus,60-69 ans,0
1990,90 ans ou plus,70-79 ans,0
1990,90 ans ou plus,80-89 ans,0
1990,90 ans ou plus,90 ans ou plus,0
1990,90 ans ou plus,Moins de 20 ans,0
1990,Moins de 20 ans,20-29 ans,0
1990,Moins de 20 ans,30-39 ans,0
1990,Moins de 20 ans,40-49 ans,0
1990,Moins de 20 ans,50-59 ans,0
1990,Moins de 20 ans,60-69 ans,0
1990,Moins de 20 ans,70-79 ans,0
1990,Moins de 20 ans,80-89 ans,0
1990,Moins de 20 ans,90 ans ou plus,0
1990,Moins de 20 ans,Moins de 20 ans,1
1991,20-29 ans,20-29 ans,1341
1991,20-29 ans,30-39 ans,336
1991,20-29 ans,40-49 ans,47
1991,20-29 ans,50-59 ans,9
1991,20-29 ans,60-69 ans,0
1991,20-29 ans,70-79 ans,0
1991,20-29 ans,80-89 ans,0
1991,20-29 ans,90 ans ou plus,0
1991,20-29 ans,Moins de 20 ans,7
1991,30-39 ans,20-29 ans,1442
1991,30-39 ans,30-39 ans,3244
1991,30-39 ans,40-49 ans,420
1991,30-39 ans,50-59 ans,39
1991,30-39 ans,60-69 ans,7
1991,30-39 ans,70-79 ans,1
1991,30-39 ans,80-89 ans,0
1991,30-39 ans,90 ans ou plus,0
1991,30-39 ans,Moins de 20 ans,0
1991,40-49 ans,20-29 ans,176
1991,40-49 ans,30-39 ans,1641
1991,40-49 ans,40-49 ans,2413
1991,40-49 ans,50-59 ans,217
1991,40-49 ans,60-69 ans,15
1991,40-49 ans,70-79 ans,0
1991,40-49 ans,80-89 ans,0
1991,40-49 ans,90 ans ou plus,0
1991,40-49 ans,Moins de 20 ans,0
1991,50-59 ans,20-29 ans,36
1991,50-59 ans,30-39 ans,182
1991,50-59 ans,40-49 ans,759
1991,50-59 ans,50-59 ans,686
1991,50-59 ans,60-69 ans,58
1991,50-59 ans,70-79 ans,1
1991,50-59 ans,80-89 ans,0
1991,50-59 ans,90 ans ou plus,0
1991,50-59 ans,Moins de 20 ans,0
1991,60-69 ans,20-29 ans,8
1991,60-69 ans,30-39 ans,28
1991,60-69 ans,40-49 ans,84
1991,60-69 ans,50-59 ans,176
1991,60-69 ans,60-69 ans,145
1991,60-69 ans,70-79 ans,14
1991,60-69 ans,80-89 ans,1
1991,60-69 ans,90 ans ou plus,0
1991,60-69 ans,Moins de 20 ans,0
1991,70-79 ans,20-29 ans,3
1991,70-79 ans,30-39 ans,5
1991,70-79 ans,40-49 ans,13
1991,70-79 ans,50-59 ans,13
1991,70-79 ans,60-69 ans,30
1991,70-79 ans,70-79 ans,20
1991,70-79 ans,80-89 ans,2
1991,70-79 ans,90 ans ou plus,0
1991,70-79 ans,Moins de 20 ans,0
1991,80-89 ans,20-29 ans,0
1991,80-89 ans,30-39 ans,0
1991,80-89 ans,40-49 ans,1
1991,80-89 ans,50-59 ans,0
1991,80-89 ans,60-69 ans,2
1991,80-89 ans,70-79 ans,4
1991,80-89 ans,80-89 ans,0
1991,80-89 ans,90 ans ou plus,0
1991,80-89 ans,Moins de 20 ans,0
1991,90 ans ou plus,20-29 ans,0
1991,90 ans ou plus,30-39 ans,1
1991,90 ans ou plus,40-49 ans,0
1991,90 ans ou plus,50-59 ans,0
1991,90 ans ou plus,60-69 ans,0
1991,90 ans ou plus,70-79 ans,0
1991,90 ans ou plus,80-89 ans,0
1991,90 ans ou plus,90 ans ou plus,0
1991,90 ans ou plus,Moins de 20 ans,0
1991,Moins de 20 ans,20-29 ans,1
1991,Moins de 20 ans,30-39 ans,0
1991,Moins de 20 ans,40-49 ans,0
1991,Moins de 20 ans,50-59 ans,0
1991,Moins de 20 ans,60-69 ans,0
1991,Moins de 20 ans,70-79 ans,0
1991,Moins de 20 ans,80-89 ans,0
1991,Moins de 20 ans,90 ans ou plus,0
1991,Moins de 20 ans,Moins de 20 ans,0
1992,20-29 ans,20-29 ans,1391
1992,20-29 ans,30-39 ans,349
1992,20-29 ans,40-49 ans,33
1992,20-29 ans,50-59 ans,14
1992,20-29 ans,60-69 ans,1
1992,20-29 ans,70-79 ans,0
1992,20-29 ans,80-89 ans,0
1992,20-29 ans,90 ans ou plus,0
1992,20-29 ans,Moins de 20 ans,10
1992,30-39 ans,20-29 ans,1612
1992,30-39 ans,30-39 ans,3552
1992,30-39 ans,40-49 ans,458
1992,30-39 ans,50-59 ans,65
1992,30-39 ans,60-69 ans,10
1992,30-39 ans,70-79 ans,1
1992,30-39 ans,80-89 ans,0
1992,30-39 ans,90 ans ou plus,0
1992,30-39 ans,Moins de 20 ans,2
1992,40-49 ans,20-29 ans,194
1992,40-49 ans,30-39 ans,1710
1992,40-49 ans,40-49 ans,2485
1992,40-49 ans,50-59 ans,195
1992,40-49 ans,60-69 ans,9
1992,40-49 ans,70-79 ans,4
1992,40-49 ans,80-89 ans,0
1992,40-49 ans,90 ans ou plus,0
1992,40-49 ans,Moins de 20 ans,1
1992,50-59 ans,20-29 ans,42
1992,50-59 ans,30-39 ans,213
1992,50-59 ans,40-49 ans,796
1992,50-59 ans,50-59 ans,734
1992,50-59 ans,60-69 ans,67
1992,50-59 ans,70-79 ans,3
1992,50-59 ans,80-89 ans,0
1992,50-59 ans,90 ans ou plus,0
1992,50-59 ans,Moins de 20 ans,0
1992,60-69 ans,20-29 ans,11
1992,60-69 ans,30-39 ans,20
1992,60-69 ans,40-49 ans,83
1992,60-69 ans,50-59 ans,175
1992,60-69 ans,60-69 ans,177
1992,60-69 ans,70-79 ans,19
1992,60-69 ans,80-89 ans,0
1992,60-69 ans,90 ans ou plus,0
1992,60-69 ans,Moins de 20 ans,0
1992,70-79 ans,20-29 ans,2
1992,70-79 ans,30-39 ans,6
1992,70-79 ans,40-49 ans,8
1992,70-79 ans,50-59 ans,18
1992,70-79 ans,60-69 ans,32
1992,70-79 ans,70-79 ans,17
1992,70-79 ans,80-89 ans,1
1992,70-79 ans,90 ans ou plus,0
1992,70-79 ans,Moins de 20 ans,0
1992,80-89 ans,20-29 ans,0
1992,80-89 ans,30-39 ans,0
1992,80-89 ans,40-49 ans,0
1992,80-89 ans,50-59 ans,2
1992,80-89 ans,60-69 ans,3
1992,80-89 ans,70-79 ans,0
1992,80-89 ans,80-89 ans,3
1992,80-89 ans,90 ans ou plus,0
1992,80-89 ans,Moins de 20 ans,0
1992,90 ans ou plus,20-29 ans,0
1992,90 ans ou plus,30-39 ans,0
1992,90 ans ou plus,40-49 ans,0
1992,90 ans ou plus,50-59 ans,0
1992,90 ans ou plus,60-69 ans,0
1992,90 ans ou plus,70-79 ans,0
1992,90 ans ou plus,80-89 ans,0
1992,90 ans ou plus,90 ans ou plus,0
1992,90 ans ou plus,Moins de 20 ans,0
1992,Moins de 20 ans,20-29 ans,1
1992,Moins de 20 ans,30-39 ans,0
1992,Moins de 20 ans,40-49 ans,1
1992,Moins de 20 ans,50-59 ans,0
1992,Moins de 20 ans,60-69 ans,0
1992,Moins de 20 ans,70-79 ans,0
1992,Moins de 20 ans,80-89 ans,0
1992,Moins de 20 ans,90 ans ou plus,0
1992,Moins de 20 ans,Moins de 20 ans,0
1993,20-29 ans,20-29 ans,1416
1993,20-29 ans,30-39 ans,377
1993,20-29 ans,40-49 ans,56
1993,20-29 ans,50-59 ans,13
1993,20-29 ans,60-69 ans,1
1993,20-29 ans,70-79 ans,0
1993,20-29 ans,80-89 ans,0
1993,20-29 ans,90 ans ou plus,0
1993,20-29 ans,Moins de 20 ans,6
1993,30-39 ans,20-29 ans,1591
1993,30-39 ans,30-39 ans,3619
1993,30-39 ans,40-49 ans,455
1993,30-39 ans,50-59 ans,55
1993,30-39 ans,60-69 ans,5
1993,30-39 ans,70-79 ans,2
1993,30-39 ans,80-89 ans,0
1993,30-39 ans,90 ans ou plus,0
1993,30-39 ans,Moins de 20 ans,1
1993,40-49 ans,20-29 ans,216
1993,40-49 ans,30-39 ans,1763
1993,40-49 ans,40-49 ans,2527
1993,40-49 ans,50-59 ans,263
1993,40-49 ans,60-69 ans,12
1993,40-49 ans,70-79 ans,1
1993,40-49 ans,80-89 ans,2
1993,40-49 ans,90 ans ou plus,0
1993,40-49 ans,Moins de 20 ans,0
1993,50-59 ans,20-29 ans,51
1993,50-59 ans,30-39 ans,234
1993,50-59 ans,40-49 ans,836
1993,50-59 ans,50-59 ans,833
1993,50-59 ans,60-69 ans,60
1993,50-59 ans,70-79 ans,7
1993,50-59 ans,80-89 ans,2
1993,50-59 ans,90 ans ou plus,0
1993,50-59 ans,Moins de 20 ans,0
1993,60-69 ans,20-29 ans,8
1993,60-69 ans,30-39 ans,33
1993,60-69 ans,40-49 ans,74
1993,60-69 ans,50-59 ans,203
1993,60-69 ans,60-69 ans,190
1993,60-69 ans,70-79 ans,16
1993,60-69 ans,80-89 ans,1
1993,60-69 ans,90 ans ou plus,0
1993,60-69 ans,Moins de 20 ans,0
1993,70-79 ans,20-29 ans,1
1993,70-79 ans,30-39 ans,11
1993,70-79 ans,40-49 ans,8
1993,70-79 ans,50-59 ans,16
1993,70-79 ans,60-69 ans,54
1993,70-79 ans,70-79 ans,26
1993,70-79 ans,80-89 ans,4
1993,70-79 ans,90 ans ou plus,0
1993,70-79 ans,Moins de 20 ans,0
1993,80-89 ans,20-29 ans,0
1993,80-89 ans,30-39 ans,0
1993,80-89 ans,40-49 ans,1
1993,80-89 ans,50-59 ans,1
1993,80-89 ans,60-69 ans,1
1993,80-89 ans,70-79 ans,0
1993,80-89 ans,80-89 ans,0
1993,80-89 ans,90 ans ou plus,0
1993,80-89 ans,Moins de 20 ans,0
1993,90 ans ou plus,20-29 ans,0
1993,90 ans ou plus,30-39 ans,0
1993,90 ans ou plus,40-49 ans,0
1993,90 ans ou plus,50-59 ans,0
1993,90 ans ou plus,60-69 ans,0
1993,90 ans ou plus,70-79 ans,0
1993,90 ans ou plus,80-89 ans,0
1993,90 ans ou plus,90 ans ou plus,0
1993,90 ans ou plus,Moins de 20 ans,0
1993,Moins de 20 ans,20-29 ans,2
1993,Moins de 20 ans,30-39 ans,0
1993,Moins de 20 ans,40-49 ans,0
1993,Moins de 20 ans,50-59 ans,0
1993,Moins de 20 ans,60-69 ans,0
1993,Moins de 20 ans,70-79 ans,0
1993,Moins de 20 ans,80-89 ans,0
1993,Moins de 20 ans,90 ans ou plus,0
1993,Moins de 20 ans,Moins de 20 ans,0
1994,20-29 ans,20-29 ans,1355
1994,20-29 ans,30-39 ans,430
1994,20-29 ans,40-49 ans,51
1994,20-29 ans,50-59 ans,10
1994,20-29 ans,60-69 ans,1
1994,20-29 ans,70-79 ans,1
1994,20-29 ans,80-89 ans,1
1994,20-29 ans,90 ans ou plus,0
1994,20-29 ans,Moins de 20 ans,10
1994,30-39 ans,20-29 ans,1607
1994,30-39 ans,30-39 ans,3801
1994,30-39 ans,40-49 ans,528
1994,30-39 ans,50-59 ans,89
1994,30-39 ans,60-69 ans,19
1994,30-39 ans,70-79 ans,3
1994,30-39 ans,80-89 ans,1
1994,30-39 ans,90 ans ou plus,0
1994,30-39 ans,Moins de 20 ans,0
1994,40-49 ans,20-29 ans,180
1994,40-49 ans,30-39 ans,1779
1994,40-49 ans,40-49 ans,2596
1994,40-49 ans,50-59 ans,266
1994,40-49 ans,60-69 ans,10
1994,40-49 ans,70-79 ans,4
1994,40-49 ans,80-89 ans,0
1994,40-49 ans,90 ans ou plus,0
1994,40-49 ans,Moins de 20 ans,0
1994,50-59 ans,20-29 ans,39
1994,50-59 ans,30-39 ans,235
1994,50-59 ans,40-49 ans,898
1994,50-59 ans,50-59 ans,953
1994,50-59 ans,60-69 ans,61
1994,50-59 ans,70-79 ans,3
1994,50-59 ans,80-89 ans,0
1994,50-59 ans,90 ans ou plus,0
1994,50-59 ans,Moins de 20 ans,0
1994,60-69 ans,20-29 ans,7
1994,60-69 ans,30-39 ans,22
1994,60-69 ans,40-49 ans,100
1994,60-69 ans,50-59 ans,210
1994,60-69 ans,60-69 ans,221
1994,60-69 ans,70-79 ans,20
1994,60-69 ans,80-89 ans,1
1994,60-69 ans,90 ans ou plus,0
1994,60-69 ans,Moins de 20 ans,0
1994,70-79 ans,20-29 ans,1
1994,70-79 ans,30-39 ans,6
1994,70-79 ans,40-49 ans,12
1994,70-79 ans,50-59 ans,20
1994,70-79 ans,60-69 ans,50
1994,70-79 ans,70-79 ans,13
1994,70-79 ans,80-89 ans,3
1994,70-79 ans,90 ans ou plus,0
1994,70-79 ans,Moins de 20 ans,0
1994,80-89 ans,20-29 ans,0
1994,80-89 ans,30-39 ans,1
1994,80-89 ans,40-49 ans,1
1994,80-89 ans,50-59 ans,1
1994,80-89 ans,60-69 ans,2
1994,80-89 ans,70-79 ans,6
1994,80-89 ans,80-89 ans,3
1994,80-89 ans,90 ans ou plus,0
1994,80-89 ans,Moins de 20 ans,0
1994,90 ans ou plus,20-29 ans,0
1994,90 ans ou plus,30-39 ans,0
1994,90 ans ou plus,40-49 ans,1
1994,90 ans ou plus,50-59 ans,0
1994,90 ans ou plus,60-69 ans,1
1994,90 ans ou plus,70-79 ans,0
1994,90 ans ou plus,80-89 ans,0
1994,90 ans ou plus,90 ans ou plus,0
1994,90 ans ou plus,Moins de 20 ans,0
1994,Moins de 20 ans,20-29 ans,1
1994,Moins de 20 ans,30-39 ans,0
1994,Moins de 20 ans,40-49 ans,0
1994,Moins de 20 ans,50-59 ans,0
1994,Moins de 20 ans,60-69 ans,0
1994,Moins de 20 ans,70-79 ans,0
1994,Moins de 20 ans,80-89 ans,0
1994,Moins de 20 ans,90 ans ou plus,0
1994,Moins de 20 ans,Moins de 20 ans,0
1995,20-29 ans,20-29 ans,1186
1995,20-29 ans,30-39 ans,374
1995,20-29 ans,40-49 ans,56
1995,20-29 ans,50-59 ans,19
1995,20-29 ans,60-69 ans,5
1995,20-29 ans,70-79 ans,0
1995,20-29 ans,80-89 ans,0
1995,20-29 ans,90 ans ou plus,0
1995,20-29 ans,Moins de 20 ans,6
1995,30-39 ans,20-29 ans,1462
1995,30-39 ans,30-39 ans,4006
1995,30-39 ans,40-49 ans,531
1995,30-39 ans,50-59 ans,97
1995,30-39 ans,60-69 ans,18
1995,30-39 ans,70-79 ans,2
1995,30-39 ans,80-89 ans,1
1995,30-39 ans,90 ans ou plus,0
1995,30-39 ans,Moins de 20 ans,1
1995,40-49 ans,20-29 ans,175
1995,40-49 ans,30-39 ans,1828
1995,40-49 ans,40-49 ans,2618
1995,40-49 ans,50-59 ans,270
1995,40-49 ans,60-69 ans,18
1995,40-49 ans,70-79 ans,1
1995,40-49 ans,80-89 ans,0
1995,40-49 ans,90 ans ou plus,0
1995,40-49 ans,Moins de 20 ans,0
1995,50-59 ans,20-29 ans,30
1995,50-59 ans,30-39 ans,272
1995,50-59 ans,40-49 ans,950
1995,50-59 ans,50-59 ans,959
1995,50-59 ans,60-69 ans,82
1995,50-59 ans,70-79 ans,6
1995,50-59 ans,80-89 ans,0
1995,50-59 ans,90 ans ou plus,0
1995,50-59 ans,Moins de 20 ans,0
1995,60-69 ans,20-29 ans,7
1995,60-69 ans,30-39 ans,31
1995,60-69 ans,40-49 ans,95
1995,60-69 ans,50-59 ans,218
1995,60-69 ans,60-69 ans,246
1995,60-69 ans,70-79 ans,14
1995,60-69 ans,80-89 ans,1
1995,60-69 ans,90 ans ou plus,0
1995,60-69 ans,Moins de 20 ans,0
1995,70-79 ans,20-29 ans,1
1995,70-79 ans,30-39 ans,5
1995,70-79 ans,40-49 ans,13
1995,70-79 ans,50-59 ans,24
1995,70-79 ans,60-69 ans,32
1995,70-79 ans,70-79 ans,25
1995,70-79 ans,80-89 ans,1
1995,70-79 ans,90 ans ou plus,0
1995,70-79 ans,Moins de 20 ans,0
1995,80-89 ans,20-29 ans,0
1995,80-89 ans,30-39 ans,0
1995,80-89 ans,40-49 ans,2
1995,80-89 ans,50-59 ans,4
1995,80-89 ans,60-69 ans,4
1995,80-89 ans,70-79 ans,5
1995,80-89 ans,80-89 ans,1
1995,80-89 ans,90 ans ou plus,0
1995,80-89 ans,Moins de 20 ans,0
1995,90 ans ou plus,20-29 ans,0
1995,90 ans ou plus,30-39 ans,0
1995,90 ans ou plus,40-49 ans,0
1995,90 ans ou plus,50-59 ans,0
1995,90 ans ou plus,60-69 ans,0
1995,90 ans ou plus,70-79 ans,0
1995,90 ans ou plus,80-89 ans,0
1995,90 ans ou plus,90 ans ou plus,0
1995,90 ans ou plus,Moins de 20 ans,0
1995,Moins de 20 ans,20-29 ans,1
1995,Moins de 20 ans,30-39 ans,0
1995,Moins de 20 ans,40-49 ans,0
1995,Moins de 20 ans,50-59 ans,0
1995,Moins de 20 ans,60-69 ans,0
1995,Moins de 20 ans,70-79 ans,0
1995,Moins de 20 ans,80-89 ans,0
1995,Moins de 20 ans,90 ans ou plus,0
1995,Moins de 20 ans,Moins de 20 ans,0
1996,20-29 ans,20-29 ans,1139
1996,20-29 ans,30-39 ans,330
1996,20-29 ans,40-49 ans,59
1996,20-29 ans,50-59 ans,17
1996,20-29 ans,60-69 ans,2
1996,20-29 ans,70-79 ans,0
1996,20-29 ans,80-89 ans,0
1996,20-29 ans,90 ans ou plus,0
1996,20-29 ans,Moins de 20 ans,6
1996,30-39 ans,20-29 ans,1506
1996,30-39 ans,30-39 ans,4002
1996,30-39 ans,40-49 ans,602
1996,30-39 ans,50-59 ans,106
1996,30-39 ans,60-69 ans,23
1996,30-39 ans,70-79 ans,1
1996,30-39 ans,80-89 ans,0
1996,30-39 ans,90 ans ou plus,0
1996,30-39 ans,Moins de 20 ans,1
1996,40-49 ans,20-29 ans,156
1996,40-49 ans,30-39 ans,1907
1996,40-49 ans,40-49 ans,2744
1996,40-49 ans,50-59 ans,273
1996,40-49 ans,60-69 ans,16
1996,40-49 ans,70-79 ans,4
1996,40-49 ans,80-89 ans,1
1996,40-49 ans,90 ans ou plus,0
1996,40-49 ans,Moins de 20 ans,0
1996,50-59 ans,20-29 ans,39
1996,50-59 ans,30-39 ans,245
1996,50-59 ans,40-49 ans,1110
1996,50-59 ans,50-59 ans,1059
1996,50-59 ans,60-69 ans,69
1996,50-59 ans,70-79 ans,8
1996,50-59 ans,80-89 ans,0
1996,50-59 ans,90 ans ou plus,0
1996,50-59 ans,Moins de 20 ans,0
1996,60-69 ans,20-29 ans,13
1996,60-69 ans,30-39 ans,32
1996,60-69 ans,40-49 ans,89
1996,60-69 ans,50-59 ans,249
1996,60-69 ans,60-69 ans,233
1996,60-69 ans,70-79 ans,17
1996,60-69 ans,80-89 ans,0
1996,60-69 ans,90 ans ou plus,0
1996,60-69 ans,Moins de 20 ans,0
1996,70-79 ans,20-29 ans,0
1996,70-79 ans,30-39 ans,5
1996,70-79 ans,40-49 ans,9
1996,70-79 ans,50-59 ans,19
1996,70-79 ans,60-69 ans,43
1996,70-79 ans,70-79 ans,22
1996,70-79 ans,80-89 ans,2
1996,70-79 ans,90 ans ou plus,0
1996,70-79 ans,Moins de 20 ans,0
1996,80-89 ans,20-29 ans,0
1996,80-89 ans,30-39 ans,0
1996,80-89 ans,40-49 ans,0
1996,80-89 ans,50-59 ans,1
1996,80-89 ans,60-69 ans,4
1996,80-89 ans,70-79 ans,8
1996,80-89 ans,80-89 ans,1
1996,80-89 ans,90 ans ou plus,0
1996,80-89 ans,Moins de 20 ans,0
1996,90 ans ou plus,20-29 ans,0
1996,90 ans ou plus,30-39 ans,0
1996,90 ans ou plus,40-49 ans,0
1996,90 ans ou plus,50-59 ans,0
1996,90 ans ou plus,60-69 ans,0
1996,90 ans ou plus,70-79 ans,0
1996,90 ans ou plus,80-89 ans,0
1996,90 ans ou plus,90 ans ou plus,0
1996,90 ans ou plus,Moins de 20 ans,0
1996,Moins de 20 ans,20-29 ans,0
1996,Moins de 20 ans,30-39 ans,0
1996,Moins de 20 ans,40-49 ans,0
1996,Moins de 20 ans,50-59 ans,0
1996,Moins de 20 ans,60-69 ans,0
1996,Moins de 20 ans,70-79 ans,0
1996,Moins de 20 ans,80-89 ans,0
1996,Moins de 20 ans,90 ans ou plus,0
1996,Moins de 20 ans,Moins de 20 ans,0
1997,20-29 ans,20-29 ans,1037
1997,20-29 ans,30-39 ans,403
1997,20-29 ans,40-49 ans,77
1997,20-29 ans,50-59 ans,22
1997,20-29 ans,60-69 ans,4
1997,20-29 ans,70-79 ans,0
1997,20-29 ans,80-89 ans,0
1997,20-29 ans,90 ans ou plus,0
1997,20-29 ans,Moins de 20 ans,3
1997,30-39 ans,20-29 ans,1532
1997,30-39 ans,30-39 ans,4283
1997,30-39 ans,40-49 ans,654
1997,30-39 ans,50-59 ans,116
1997,30-39 ans,60-69 ans,22
1997,30-39 ans,70-79 ans,0
1997,30-39 ans,80-89 ans,0
1997,30-39 ans,90 ans ou plus,0
1997,30-39 ans,Moins de 20 ans,0
1997,40-49 ans,20-29 ans,164
1997,40-49 ans,30-39 ans,1952
1997,40-49 ans,40-49 ans,2794
1997,40-49 ans,50-59 ans,326
1997,40-49 ans,60-69 ans,28
1997,40-49 ans,70-79 ans,4
1997,40-49 ans,80-89 ans,0
1997,40-49 ans,90 ans ou plus,0
1997,40-49 ans,Moins de 20 ans,0
1997,50-59 ans,20-29 ans,35
1997,50-59 ans,30-39 ans,264
1997,50-59 ans,40-49 ans,1098
1997,50-59 ans,50-59 ans,1225
1997,50-59 ans,60-69 ans,105
1997,50-59 ans,70-79 ans,3
1997,50-59 ans,80-89 ans,0
1997,50-59 ans,90 ans ou plus,0
1997,50-59 ans,Moins de 20 ans,0
1997,60-69 ans,20-29 ans,12
1997,60-69 ans,30-39 ans,37
1997,60-69 ans,40-49 ans,101
1997,60-69 ans,50-59 ans,301
1997,60-69 ans,60-69 ans,288
1997,60-69 ans,70-79 ans,20
1997,60-69 ans,80-89 ans,1
1997,60-69 ans,90 ans ou plus,0
1997,60-69 ans,Moins de 20 ans,0
1997,70-79 ans,20-29 ans,2
1997,70-79 ans,30-39 ans,4
1997,70-79 ans,40-49 ans,7
1997,70-79 ans,50-59 ans,21
1997,70-79 ans,60-69 ans,65
1997,70-79 ans,70-79 ans,34
1997,70-79 ans,80-89 ans,3
1997,70-79 ans,90 ans ou plus,0
1997,70-79 ans,Moins de 20 ans,0
1997,80-89 ans,20-29 ans,1
1997,80-89 ans,30-39 ans,0
1997,80-89 ans,40-49 ans,1
1997,80-89 ans,50-59 ans,3
1997,80-89 ans,60-69 ans,4
1997,80-89 ans,70-79 ans,7
1997,80-89 ans,80-89 ans,8
1997,80-89 ans,90 ans ou plus,0
1997,80-89 ans,Moins de 20 ans,0
1997,90 ans ou plus,20-29 ans,0
1997,90 ans ou plus,30-39 ans,0
1997,90 ans ou plus,40-49 ans,0
1997,90 ans ou plus,50-59 ans,0
1997,90 ans ou plus,60-69 ans,0
1997,90 ans ou plus,70-79 ans,0
1997,90 ans ou plus,80-89 ans,0
1997,90 ans ou plus,90 ans ou plus,0
1997,90 ans ou plus,Moins de 20 ans,0
1997,Moins de 20 ans,20-29 ans,2
1997,Moins de 20 ans,30-39 ans,0
1997,Moins de 20 ans,40-49 ans,0
1997,Moins de 20 ans,50-59 ans,0
1997,Moins de 20 ans,60-69 ans,0
1997,Moins de 20 ans,70-79 ans,0
1997,Moins de 20 ans,80-89 ans,0
1997,Moins de 20 ans,90 ans ou plus,0
1997,Moins de 20 ans,Moins de 20 ans,0
1998,20-29 ans,20-29 ans,1001
1998,20-29 ans,30-39 ans,410
1998,20-29 ans,40-49 ans,61
1998,20-29 ans,50-59 ans,19
1998,20-29 ans,60-69 ans,2
1998,20-29 ans,70-79 ans,1
1998,20-29 ans,80-89 ans,0
1998,20-29 ans,90 ans ou plus,0
1998,20-29 ans,Moins de 20 ans,6
1998,30-39 ans,20-29 ans,1432
1998,30-39 ans,30-39 ans,4615
1998,30-39 ans,40-49 ans,740
1998,30-39 ans,50-59 ans,143
1998,30-39 ans,60-69 ans,30
1998,30-39 ans,70-79 ans,3
1998,30-39 ans,80-89 ans,0
1998,30-39 ans,90 ans ou plus,0
1998,30-39 ans,Moins de 20 ans,2
1998,40-49 ans,20-29 ans,201
1998,40-49 ans,30-39 ans,2083
1998,40-49 ans,40-49 ans,2881
1998,40-49 ans,50-59 ans,314
1998,40-49 ans,60-69 ans,25
1998,40-49 ans,70-79 ans,3
1998,40-49 ans,80-89 ans,1
1998,40-49 ans,90 ans ou plus,0
1998,40-49 ans,Moins de 20 ans,0
1998,50-59 ans,20-29 ans,43
1998,50-59 ans,30-39 ans,291
1998,50-59 ans,40-49 ans,1183
1998,50-59 ans,50-59 ans,1267
1998,50-59 ans,60-69 ans,93
1998,50-59 ans,70-79 ans,6
1998,50-59 ans,80-89 ans,0
1998,50-59 ans,90 ans ou plus,0
1998,50-59 ans,Moins de 20 ans,1
1998,60-69 ans,20-29 ans,8
1998,60-69 ans,30-39 ans,41
1998,60-69 ans,40-49 ans,114
1998,60-69 ans,50-59 ans,315
1998,60-69 ans,60-69 ans,327
1998,60-69 ans,70-79 ans,23
1998,60-69 ans,80-89 ans,2
1998,60-69 ans,90 ans ou plus,0
1998,60-69 ans,Moins de 20 ans,0
1998,70-79 ans,20-29 ans,1
1998,70-79 ans,30-39 ans,5
1998,70-79 ans,40-49 ans,13
1998,70-79 ans,50-59 ans,24
1998,70-79 ans,60-69 ans,73
1998,70-79 ans,70-79 ans,42
1998,70-79 ans,80-89 ans,2
1998,70-79 ans,90 ans ou plus,1
1998,70-79 ans,Moins de 20 ans,0
1998,80-89 ans,20-29 ans,0
1998,80-89 ans,30-39 ans,2
1998,80-89 ans,40-49 ans,0
1998,80-89 ans,50-59 ans,3
1998,80-89 ans,60-69 ans,2
1998,80-89 ans,70-79 ans,10
1998,80-89 ans,80-89 ans,1
1998,80-89 ans,90 ans ou plus,0
1998,80-89 ans,Moins de 20 ans,0
1998,90 ans ou plus,20-29 ans,0
1998,90 ans ou plus,30-39 ans,1
1998,90 ans ou plus,40-49 ans,0
1998,90 ans ou plus,50-59 ans,0
1998,90 ans ou plus,60-69 ans,0
1998,90 ans ou plus,70-79 ans,1
1998,90 ans ou plus,80-89 ans,0
1998,90 ans ou plus,90 ans ou plus,0
1998,90 ans ou plus,Moins de 20 ans,0
1998,Moins de 20 ans,20-29 ans,0
1998,Moins de 20 ans,30-39 ans,0
1998,Moins de 20 ans,40-49 ans,0
1998,Moins de 20 ans,50-59 ans,0
1998,Moins de 20 ans,60-69 ans,0
1998,Moins de 20 ans,70-79 ans,0
1998,Moins de 20 ans,80-89 ans,0
1998,Moins de 20 ans,90 ans ou plus,0
1998,Moins de 20 ans,Moins de 20 ans,0
1999,20-29 ans,20-29 ans,1131
1999,20-29 ans,30-39 ans,345
1999,20-29 ans,40-49 ans,74
1999,20-29 ans,50-59 ans,19
1999,20-29 ans,60-69 ans,1
1999,20-29 ans,70-79 ans,0
1999,20-29 ans,80-89 ans,0
1999,20-29 ans,90 ans ou plus,0
1999,20-29 ans,Moins de 20 ans,4
1999,30-39 ans,20-29 ans,1560
1999,30-39 ans,30-39 ans,5304
1999,30-39 ans,40-49 ans,802
1999,30-39 ans,50-59 ans,177
1999,30-39 ans,60-69 ans,32
1999,30-39 ans,70-79 ans,2
1999,30-39 ans,80-89 ans,1
1999,30-39 ans,90 ans ou plus,0
1999,30-39 ans,Moins de 20 ans,2
1999,40-49 ans,20-29 ans,206
1999,40-49 ans,30-39 ans,2461
1999,40-49 ans,40-49 ans,3536
1999,40-49 ans,50-59 ans,388
1999,40-49 ans,60-69 ans,31
1999,40-49 ans,70-79 ans,6
1999,40-49 ans,80-89 ans,1
1999,40-49 ans,90 ans ou plus,0
1999,40-49 ans,Moins de 20 ans,0
1999,50-59 ans,20-29 ans,41
1999,50-59 ans,30-39 ans,393
1999,50-59 ans,40-49 ans,1393
1999,50-59 ans,50-59 ans,1575
1999,50-59 ans,60-69 ans,108
1999,50-59 ans,70-79 ans,3
1999,50-59 ans,80-89 ans,2
1999,50-59 ans,90 ans ou plus,0
1999,50-59 ans,Moins de 20 ans,0
1999,60-69 ans,20-29 ans,8
1999,60-69 ans,30-39 ans,44
1999,60-69 ans,40-49 ans,134
1999,60-69 ans,50-59 ans,410
1999,60-69 ans,60-69 ans,390
1999,60-69 ans,70-79 ans,22
1999,60-69 ans,80-89 ans,0
1999,60-69 ans,90 ans ou plus,0
1999,60-69 ans,Moins de 20 ans,0
1999,70-79 ans,20-29 ans,1
1999,70-79 ans,30-39 ans,6
1999,70-79 ans,40-49 ans,13
1999,70-79 ans,50-59 ans,29
1999,70-79 ans,60-69 ans,83
1999,70-79 ans,70-79 ans,48
1999,70-79 ans,80-89 ans,0
1999,70-79 ans,90 ans ou plus,1
1999,70-79 ans,Moins de 20 ans,0
1999,80-89 ans,20-29 ans,0
1999,80-89 ans,30-39 ans,0
1999,80-89 ans,40-49 ans,3
1999,80-89 ans,50-59 ans,1
1999,80-89 ans,60-69 ans,4
1999,80-89 ans,70-79 ans,10
1999,80-89 ans,80-89 ans,0
1999,80-89 ans,90 ans ou plus,0
1999,80-89 ans,Moins de 20 ans,0
1999,90 ans ou plus,20-29 ans,0
1999,90 ans ou plus,30-39 ans,1
1999,90 ans ou plus,40-49 ans,0
1999,90 ans ou plus,50-59 ans,0
1999,90 ans ou plus,60-69 ans,1
1999,90 ans ou plus,70-79 ans,1
1999,90 ans ou plus,80-89 ans,0
1999,90 ans ou plus,90 ans ou plus,0
1999,90 ans ou plus,Moins de 20 ans,0
1999,Moins de 20 ans,20-29 ans,1
1999,Moins de 20 ans,30-39 ans,0
1999,Moins de 20 ans,40-49 ans,0
1999,Moins de 20 ans,50-59 ans,0
1999,Moins de 20 ans,60-69 ans,0
1999,Moins de 20 ans,70-79 ans,0
1999,Moins de 20 ans,80-89 ans,0
1999,Moins de 20 ans,90 ans ou plus,0
1999,Moins de 20 ans,Moins de 20 ans,0
2000,20-29 ans,20-29 ans,563
2000,20-29 ans,30-39 ans,184
2000,20-29 ans,40-49 ans,30
2000,20-29 ans,50-59 ans,8
2000,20-29 ans,60-69 ans,0
2000,20-29 ans,70-79 ans,0
2000,20-29 ans,80-89 ans,0
2000,20-29 ans,90 ans ou plus,0
2000,20-29 ans,Moins de 20 ans,1
2000,30-39 ans,20-29 ans,777
2000,30-39 ans,30-39 ans,2545
2000,30-39 ans,40-49 ans,470
2000,30-39 ans,50-59 ans,91
2000,30-39 ans,60-69 ans,17
2000,30-39 ans,70-79 ans,4
2000,30-39 ans,80-89 ans,0
2000,30-39 ans,90 ans ou plus,0
2000,30-39 ans,Moins de 20 ans,2
2000,40-49 ans,20-29 ans,112
2000,40-49 ans,30-39 ans,1244
2000,40-49 ans,40-49 ans,1798
2000,40-49 ans,50-59 ans,211
2000,40-49 ans,60-69 ans,18
2000,40-49 ans,70-79 ans,2
2000,40-49 ans,80-89 ans,0
2000,40-49 ans,90 ans ou plus,0
2000,40-49 ans,Moins de 20 ans,0
2000,50-59 ans,20-29 ans,20
2000,50-59 ans,30-39 ans,197
2000,50-59 ans,40-49 ans,693
2000,50-59 ans,50-59 ans,813
2000,50-59 ans,60-69 ans,72
2000,50-59 ans,70-79 ans,3
2000,50-59 ans,80-89 ans,0
2000,50-59 ans,90 ans ou plus,0
2000,50-59 ans,Moins de 20 ans,0
2000,60-69 ans,20-29 ans,4
2000,60-69 ans,30-39 ans,26
2000,60-69 ans,40-49 ans,61
2000,60-69 ans,50-59 ans,189
2000,60-69 ans,60-69 ans,199
2000,60-69 ans,70-79 ans,21
2000,60-69 ans,80-89 ans,2
2000,60-69 ans,90 ans ou plus,0
2000,60-69 ans,Moins de 20 ans,0
2000,70-79 ans,20-29 ans,1
2000,70-79 ans,30-39 ans,6
2000,70-79 ans,40-49 ans,6
2000,70-79 ans,50-59 ans,16
2000,70-79 ans,60-69 ans,45
2000,70-79 ans,70-79 ans,45
2000,70-79 ans,80-89 ans,0
2000,70-79 ans,90 ans ou plus,0
2000,70-79 ans,Moins de 20 ans,0
2000,80-89 ans,20-29 ans,0
2000,80-89 ans,30-39 ans,0
2000,80-89 ans,40-49 ans,1
2000,80-89 ans,50-59 ans,2
2000,80-89 ans,60-69 ans,4
2000,80-89 ans,70-79 ans,5
2000,80-89 ans,80-89 ans,2
2000,80-89 ans,90 ans ou plus,0
2000,80-89 ans,Moins de 20 ans,0
2000,90 ans ou plus,20-29 ans,0
2000,90 ans ou plus,30-39 ans,0
2000,90 ans ou plus,40-49 ans,0
2000,90 ans ou plus,50-59 ans,0
2000,90 ans ou plus,60-69 ans,0
2000,90 ans ou plus,70-79 ans,0
2000,90 ans ou plus,80-89 ans,0
2000,90 ans ou plus,90 ans ou plus,0
2000,90 ans ou plus,Moins de 20 ans,0
2000,Moins de 20 ans,20-29 ans,1
2000,Moins de 20 ans,30-39 ans,0
2000,Moins de 20 ans,40-49 ans,0
2000,Moins de 20 ans,50-59 ans,0
2000,Moins de 20 ans,60-69 ans,0
2000,Moins de 20 ans,70-79 ans,0
2000,Moins de 20 ans,80-89 ans,0
2000,Moins de 20 ans,90 ans ou plus,0
2000,Moins de 20 ans,Moins de 20 ans,0
2001,20-29 ans,20-29 ans,682
2001,20-29 ans,30-39 ans,271
2001,20-29 ans,40-49 ans,43
2001,20-29 ans,50-59 ans,6
2001,20-29 ans,60-69 ans,1
2001,20-29 ans,70-79 ans,0
2001,20-29 ans,80-89 ans,0
2001,20-29 ans,90 ans ou plus,0
2001,20-29 ans,Moins de 20 ans,3
2001,30-39 ans,20-29 ans,1039
2001,30-39 ans,30-39 ans,3812
2001,30-39 ans,40-49 ans,665
2001,30-39 ans,50-59 ans,155
2001,30-39 ans,60-69 ans,29
2001,30-39 ans,70-79 ans,4
2001,30-39 ans,80-89 ans,0
2001,30-39 ans,90 ans ou plus,0
2001,30-39 ans,Moins de 20 ans,0
2001,40-49 ans,20-29 ans,139
2001,40-49 ans,30-39 ans,1951
2001,40-49 ans,40-49 ans,2862
2001,40-49 ans,50-59 ans,287
2001,40-49 ans,60-69 ans,28
2001,40-49 ans,70-79 ans,1
2001,40-49 ans,80-89 ans,2
2001,40-49 ans,90 ans ou plus,0
2001,40-49 ans,Moins de 20 ans,0
2001,50-59 ans,20-29 ans,42
2001,50-59 ans,30-39 ans,291
2001,50-59 ans,40-49 ans,1128
2001,50-59 ans,50-59 ans,1234
2001,50-59 ans,60-69 ans,115
2001,50-59 ans,70-79 ans,4
2001,50-59 ans,80-89 ans,0
2001,50-59 ans,90 ans ou plus,0
2001,50-59 ans,Moins de 20 ans,0
2001,60-69 ans,20-29 ans,7
2001,60-69 ans,30-39 ans,52
2001,60-69 ans,40-49 ans,106
2001,60-69 ans,50-59 ans,293
2001,60-69 ans,60-69 ans,307
2001,60-69 ans,70-79 ans,32
2001,60-69 ans,80-89 ans,0
2001,60-69 ans,90 ans ou plus,0
2001,60-69 ans,Moins de 20 ans,0
2001,70-79 ans,20-29 ans,2
2001,70-79 ans,30-39 ans,4
2001,70-79 ans,40-49 ans,14
2001,70-79 ans,50-59 ans,23
2001,70-79 ans,60-69 ans,68
2001,70-79 ans,70-79 ans,48
2001,70-79 ans,80-89 ans,2
2001,70-79 ans,90 ans ou plus,0
2001,70-79 ans,Moins de 20 ans,0
2001,80-89 ans,20-29 ans,0
2001,80-89 ans,30-39 ans,3
2001,80-89 ans,40-49 ans,3
2001,80-89 ans,50-59 ans,1
2001,80-89 ans,60-69 ans,5
2001,80-89 ans,70-79 ans,9
2001,80-89 ans,80-89 ans,4
2001,80-89 ans,90 ans ou plus,0
2001,80-89 ans,Moins de 20 ans,0
2001,90 ans ou plus,20-29 ans,0
2001,90 ans ou plus,30-39 ans,0
2001,90 ans ou plus,40-49 ans,0
2001,90 ans ou plus,50-59 ans,0
2001,90 ans ou plus,60-69 ans,0
2001,90 ans ou plus,70-79 ans,0
2001,90 ans ou plus,80-89 ans,0
2001,90 ans ou plus,90 ans ou plus,0
2001,90 ans ou plus,Moins de 20 ans,0
2001,Moins de 20 ans,20-29 ans,1
2001,Moins de 20 ans,30-39 ans,0
2001,Moins de 20 ans,40-49 ans,0
2001,Moins de 20 ans,50-59 ans,0
2001,Moins de 20 ans,60-69 ans,0
2001,Moins de 20 ans,70-79 ans,0
2001,Moins de 20 ans,80-89 ans,0
2001,Moins de 20 ans,90 ans ou plus,0
2001,Moins de 20 ans,Moins de 20 ans,0
2002,20-29 ans,20-29 ans,656
2002,20-29 ans,30-39 ans,228
2002,20-29 ans,40-49 ans,36
2002,20-29 ans,50-59 ans,9
2002,20-29 ans,60-69 ans,4
2002,20-29 ans,70-79 ans,1
2002,20-29 ans,80-89 ans,0
2002,20-29 ans,90 ans ou plus,0
2002,20-29 ans,Moins de 20 ans,8
2002,30-39 ans,20-29 ans,987
2002,30-39 ans,30-39 ans,4090
2002,30-39 ans,40-49 ans,683
2002,30-39 ans,50-59 ans,152
2002,30-39 ans,60-69 ans,19
2002,30-39 ans,70-79 ans,7
2002,30-39 ans,80-89 ans,0
2002,30-39 ans,90 ans ou plus,0
2002,30-39 ans,Moins de 20 ans,1
2002,40-49 ans,20-29 ans,130
2002,40-49 ans,30-39 ans,2040
2002,40-49 ans,40-49 ans,2979
2002,40-49 ans,50-59 ans,340
2002,40-49 ans,60-69 ans,21
2002,40-49 ans,70-79 ans,5
2002,40-49 ans,80-89 ans,1
2002,40-49 ans,90 ans ou plus,0
2002,40-49 ans,Moins de 20 ans,0
2002,50-59 ans,20-29 ans,39
2002,50-59 ans,30-39 ans,287
2002,50-59 ans,40-49 ans,1156
2002,50-59 ans,50-59 ans,1343
2002,50-59 ans,60-69 ans,92
2002,50-59 ans,70-79 ans,5
2002,50-59 ans,80-89 ans,1
2002,50-59 ans,90 ans ou plus,0
2002,50-59 ans,Moins de 20 ans,0
2002,60-69 ans,20-29 ans,5
2002,60-69 ans,30-39 ans,58
2002,60-69 ans,40-49 ans,121
2002,60-69 ans,50-59 ans,331
2002,60-69 ans,60-69 ans,330
2002,60-69 ans,70-79 ans,29
2002,60-69 ans,80-89 ans,0
2002,60-69 ans,90 ans ou plus,0
2002,60-69 ans,Moins de 20 ans,0
2002,70-79 ans,20-29 ans,1
2002,70-79 ans,30-39 ans,9
2002,70-79 ans,40-49 ans,10
2002,70-79 ans,50-59 ans,21
2002,70-79 ans,60-69 ans,54
2002,70-79 ans,70-79 ans,42
2002,70-79 ans,80-89 ans,4
2002,70-79 ans,90 ans ou plus,0
2002,70-79 ans,Moins de 20 ans,0
2002,80-89 ans,20-29 ans,1
2002,80-89 ans,30-39 ans,1
2002,80-89 ans,40-49 ans,1
2002,80-89 ans,50-59 ans,3
2002,80-89 ans,60-69 ans,5
2002,80-89 ans,70-79 ans,12
2002,80-89 ans,80-89 ans,4
2002,80-89 ans,90 ans ou plus,0
2002,80-89 ans,Moins de 20 ans,0
2002,90 ans ou plus,20-29 ans,0
2002,90 ans ou plus,30-39 ans,0
2002,90 ans ou plus,40-49 ans,0
2002,90 ans ou plus,50-59 ans,0
2002,90 ans ou plus,60-69 ans,0
2002,90 ans ou plus,70-79 ans,0
2002,90 ans ou plus,80-89 ans,0
2002,90 ans ou plus,90 ans ou plus,0
2002,90 ans ou plus,Moins de 20 ans,0
2002,Moins de 20 ans,20-29 ans,1
2002,Moins de 20 ans,30-39 ans,0
2002,Moins de 20 ans,40-49 ans,0
2002,Moins de 20 ans,50-59 ans,0
2002,Moins de 20 ans,60-69 ans,0
2002,Moins de 20 ans,70-79 ans,0
2002,Moins de 20 ans,80-89 ans,0
2002,Moins de 20 ans,90 ans ou plus,0
2002,Moins de 20 ans,Moins de 20 ans,0
2003,20-29 ans,20-29 ans,669
2003,20-29 ans,30-39 ans,209
2003,20-29 ans,40-49 ans,39
2003,20-29 ans,50-59 ans,14
2003,20-29 ans,60-69 ans,4
2003,20-29 ans,70-79 ans,1
2003,20-29 ans,80-89 ans,0
2003,20-29 ans,90 ans ou plus,0
2003,20-29 ans,Moins de 20 ans,1
2003,30-39 ans,20-29 ans,998
2003,30-39 ans,30-39 ans,3880
2003,30-39 ans,40-49 ans,711
2003,30-39 ans,50-59 ans,135
2003,30-39 ans,60-69 ans,23
2003,30-39 ans,70-79 ans,1
2003,30-39 ans,80-89 ans,0
2003,30-39 ans,90 ans ou plus,0
2003,30-39 ans,Moins de 20 ans,0
2003,40-49 ans,20-29 ans,158
2003,40-49 ans,30-39 ans,2076
2003,40-49 ans,40-49 ans,3213
2003,40-49 ans,50-59 ans,344
2003,40-49 ans,60-69 ans,36
2003,40-49 ans,70-79 ans,3
2003,40-49 ans,80-89 ans,0
2003,40-49 ans,90 ans ou plus,0
2003,40-49 ans,Moins de 20 ans,0
2003,50-59 ans,20-29 ans,47
2003,50-59 ans,30-39 ans,304
2003,50-59 ans,40-49 ans,1323
2003,50-59 ans,50-59 ans,1347
2003,50-59 ans,60-69 ans,105
2003,50-59 ans,70-79 ans,4
2003,50-59 ans,80-89 ans,0
2003,50-59 ans,90 ans ou plus,0
2003,50-59 ans,Moins de 20 ans,0
2003,60-69 ans,20-29 ans,13
2003,60-69 ans,30-39 ans,47
2003,60-69 ans,40-49 ans,138
2003,60-69 ans,50-59 ans,385
2003,60-69 ans,60-69 ans,340
2003,60-69 ans,70-79 ans,20
2003,60-69 ans,80-89 ans,0
2003,60-69 ans,90 ans ou plus,0
2003,60-69 ans,Moins de 20 ans,0
2003,70-79 ans,20-29 ans,1
2003,70-79 ans,30-39 ans,4
2003,70-79 ans,40-49 ans,22
2003,70-79 ans,50-59 ans,31
2003,70-79 ans,60-69 ans,69
2003,70-79 ans,70-79 ans,40
2003,70-79 ans,80-89 ans,6
2003,70-79 ans,90 ans ou plus,0
2003,70-79 ans,Moins de 20 ans,0
2003,80-89 ans,20-29 ans,0
2003,80-89 ans,30-39 ans,0
2003,80-89 ans,40-49 ans,1
2003,80-89 ans,50-59 ans,3
2003,80-89 ans,60-69 ans,10
2003,80-89 ans,70-79 ans,13
2003,80-89 ans,80-89 ans,6
2003,80-89 ans,90 ans ou plus,0
2003,80-89 ans,Moins de 20 ans,0
2003,90 ans ou plus,20-29 ans,0
2003,90 ans ou plus,30-39 ans,1
2003,90 ans ou plus,40-49 ans,0
2003,90 ans ou plus,50-59 ans,0
2003,90 ans ou plus,60-69 ans,0
2003,90 ans ou plus,70-79 ans,0
2003,90 ans ou plus,80-89 ans,4
2003,90 ans ou plus,90 ans ou plus,0
2003,90 ans ou plus,Moins de 20 ans,0
2003,Moins de 20 ans,20-29 ans,0
2003,Moins de 20 ans,30-39 ans,0
2003,Moins de 20 ans,40-49 ans,0
2003,Moins de 20 ans,50-59 ans,0
2003,Moins de 20 ans,60-69 ans,0
2003,Moins de 20 ans,70-79 ans,0
2003,Moins de 20 ans,80-89 ans,0
2003,Moins de 20 ans,90 ans ou plus,0
2003,Moins de 20 ans,Moins de 20 ans,0
2004,20-29 ans,20-29 ans,646
2004,20-29 ans,30-39 ans,207
2004,20-29 ans,40-49 ans,64
2004,20-29 ans,50-59 ans,11
2004,20-29 ans,60-69 ans,1
2004,20-29 ans,70-79 ans,2
2004,20-29 ans,80-89 ans,0
2004,20-29 ans,90 ans ou plus,0
2004,20-29 ans,Moins de 20 ans,2
2004,30-39 ans,20-29 ans,928
2004,30-39 ans,30-39 ans,3857
2004,30-39 ans,40-49 ans,768
2004,30-39 ans,50-59 ans,144
2004,30-39 ans,60-69 ans,34
2004,30-39 ans,70-79 ans,3
2004,30-39 ans,80-89 ans,0
2004,30-39 ans,90 ans ou plus,0
2004,30-39 ans,Moins de 20 ans,1
2004,40-49 ans,20-29 ans,148
2004,40-49 ans,30-39 ans,2195
2004,40-49 ans,40-49 ans,3616
2004,40-49 ans,50-59 ans,423
2004,40-49 ans,60-69 ans,48
2004,40-49 ans,70-79 ans,5
2004,40-49 ans,80-89 ans,0
2004,40-49 ans,90 ans ou plus,1
2004,40-49 ans,Moins de 20 ans,0
2004,50-59 ans,20-29 ans,38
2004,50-59 ans,30-39 ans,374
2004,50-59 ans,40-49 ans,1445
2004,50-59 ans,50-59 ans,1511
2004,50-59 ans,60-69 ans,127
2004,50-59 ans,70-79 ans,6
2004,50-59 ans,80-89 ans,1
2004,50-59 ans,90 ans ou plus,0
2004,50-59 ans,Moins de 20 ans,0
2004,60-69 ans,20-29 ans,6
2004,60-69 ans,30-39 ans,78
2004,60-69 ans,40-49 ans,174
2004,60-69 ans,50-59 ans,445
2004,60-69 ans,60-69 ans,389
2004,60-69 ans,70-79 ans,26
2004,60-69 ans,80-89 ans,2
2004,60-69 ans,90 ans ou plus,1
2004,60-69 ans,Moins de 20 ans,0
2004,70-79 ans,20-29 ans,4
2004,70-79 ans,30-39 ans,11
2004,70-79 ans,40-49 ans,20
2004,70-79 ans,50-59 ans,38
2004,70-79 ans,60-69 ans,77
2004,70-79 ans,70-79 ans,43
2004,70-79 ans,80-89 ans,1
2004,70-79 ans,90 ans ou plus,0
2004,70-79 ans,Moins de 20 ans,0
2004,80-89 ans,20-29 ans,1
2004,80-89 ans,30-39 ans,2
2004,80-89 ans,40-49 ans,2
2004,80-89 ans,50-59 ans,7
2004,80-89 ans,60-69 ans,3
2004,80-89 ans,70-79 ans,10
2004,80-89 ans,80-89 ans,3
2004,80-89 ans,90 ans ou plus,0
2004,80-89 ans,Moins de 20 ans,0
2004,90 ans ou plus,20-29 ans,0
2004,90 ans ou plus,30-39 ans,0
2004,90 ans ou plus,40-49 ans,0
2004,90 ans ou plus,50-59 ans,0
2004,90 ans ou plus,60-69 ans,0
2004,90 ans ou plus,70-79 ans,0
2004,90 ans ou plus,80-89 ans,0
2004,90 ans ou plus,90 ans ou plus,0
2004,90 ans ou plus,Moins de 20 ans,0
2004,Moins de 20 ans,20-29 ans,0
2004,Moins de 20 ans,30-39 ans,0
2004,Moins de 20 ans,40-49 ans,0
2004,Moins de 20 ans,50-59 ans,0
2004,Moins de 20 ans,60-69 ans,0
2004,Moins de 20 ans,70-79 ans,0
2004,Moins de 20 ans,80-89 ans,0
2004,Moins de 20 ans,90 ans ou plus,0
2004,Moins de 20 ans,Moins de 20 ans,0
2005,20-29 ans,20-29 ans,734
2005,20-29 ans,30-39 ans,277
2005,20-29 ans,40-49 ans,63
2005,20-29 ans,50-59 ans,23
2005,20-29 ans,60-69 ans,3
2005,20-29 ans,70-79 ans,0
2005,20-29 ans,80-89 ans,0
2005,20-29 ans,90 ans ou plus,0
2005,20-29 ans,Moins de 20 ans,4
2005,30-39 ans,20-29 ans,1039
2005,30-39 ans,30-39 ans,3969
2005,30-39 ans,40-49 ans,923
2005,30-39 ans,50-59 ans,181
2005,30-39 ans,60-69 ans,32
2005,30-39 ans,70-79 ans,4
2005,30-39 ans,80-89 ans,0
2005,30-39 ans,90 ans ou plus,0
2005,30-39 ans,Moins de 20 ans,0
2005,40-49 ans,20-29 ans,198
2005,40-49 ans,30-39 ans,2568
2005,40-49 ans,40-49 ans,4600
2005,40-49 ans,50-59 ans,499
2005,40-49 ans,60-69 ans,48
2005,40-49 ans,70-79 ans,7
2005,40-49 ans,80-89 ans,2
2005,40-49 ans,90 ans ou plus,0
2005,40-49 ans,Moins de 20 ans,0
2005,50-59 ans,20-29 ans,45
2005,50-59 ans,30-39 ans,362
2005,50-59 ans,40-49 ans,1879
2005,50-59 ans,50-59 ans,2006
2005,50-59 ans,60-69 ans,172
2005,50-59 ans,70-79 ans,5
2005,50-59 ans,80-89 ans,0
2005,50-59 ans,90 ans ou plus,0
2005,50-59 ans,Moins de 20 ans,1
2005,60-69 ans,20-29 ans,19
2005,60-69 ans,30-39 ans,76
2005,60-69 ans,40-49 ans,216
2005,60-69 ans,50-59 ans,573
2005,60-69 ans,60-69 ans,498
2005,60-69 ans,70-79 ans,24
2005,60-69 ans,80-89 ans,2
2005,60-69 ans,90 ans ou plus,0
2005,60-69 ans,Moins de 20 ans,0
2005,70-79 ans,20-29 ans,3
2005,70-79 ans,30-39 ans,13
2005,70-79 ans,40-49 ans,26
2005,70-79 ans,50-59 ans,45
2005,70-79 ans,60-69 ans,95
2005,70-79 ans,70-79 ans,62
2005,70-79 ans,80-89 ans,6
2005,70-79 ans,90 ans ou plus,0
2005,70-79 ans,Moins de 20 ans,0
2005,80-89 ans,20-29 ans,1
2005,80-89 ans,30-39 ans,1
2005,80-89 ans,40-49 ans,4
2005,80-89 ans,50-59 ans,6
2005,80-89 ans,60-69 ans,1
2005,80-89 ans,70-79 ans,8
2005,80-89 ans,80-89 ans,7
2005,80-89 ans,90 ans ou plus,0
2005,80-89 ans,Moins de 20 ans,0
2005,90 ans ou plus,20-29 ans,0
2005,90 ans ou plus,30-39 ans,0
2005,90 ans ou plus,40-49 ans,0
2005,90 ans ou plus,50-59 ans,0
2005,90 ans ou plus,60-69 ans,0
2005,90 ans ou plus,70-79 ans,1
2005,90 ans ou plus,80-89 ans,1
2005,90 ans ou plus,90 ans ou plus,0
2005,90 ans ou plus,Moins de 20 ans,0
2005,Moins de 20 ans,20-29 ans,0
2005,Moins de 20 ans,30-39 ans,0
2005,Moins de 20 ans,40-49 ans,0
2005,Moins de 20 ans,50-59 ans,0
2005,Moins de 20 ans,60-69 ans,0
2005,Moins de 20 ans,70-79 ans,0
2005,Moins de 20 ans,80-89 ans,0
2005,Moins de 20 ans,90 ans ou plus,0
2005,Moins de 20 ans,Moins de 20 ans,0
2006,20-29 ans,20-29 ans,652
2006,20-29 ans,30-39 ans,270
2006,20-29 ans,40-49 ans,76
2006,20-29 ans,50-59 ans,26
2006,20-29 ans,60-69 ans,1
2006,20-29 ans,70-79 ans,0
2006,20-29 ans,80-89 ans,0
2006,20-29 ans,90 ans ou plus,0
2006,20-29 ans,Moins de 20 ans,1
2006,30-39 ans,20-29 ans,938
2006,30-39 ans,30-39 ans,3605
2006,30-39 ans,40-49 ans,898
2006,30-39 ans,50-59 ans,157
2006,30-39 ans,60-69 ans,33
2006,30-39 ans,70-79 ans,2
2006,30-39 ans,80-89 ans,0
2006,30-39 ans,90 ans ou plus,0
2006,30-39 ans,Moins de 20 ans,0
2006,40-49 ans,20-29 ans,189
2006,40-49 ans,30-39 ans,2457
2006,40-49 ans,40-49 ans,4777
2006,40-49 ans,50-59 ans,517
2006,40-49 ans,60-69 ans,47
2006,40-49 ans,70-79 ans,7
2006,40-49 ans,80-89 ans,1
2006,40-49 ans,90 ans ou plus,1
2006,40-49 ans,Moins de 20 ans,0
2006,50-59 ans,20-29 ans,50
2006,50-59 ans,30-39 ans,394
2006,50-59 ans,40-49 ans,1919
2006,50-59 ans,50-59 ans,2046
2006,50-59 ans,60-69 ans,164
2006,50-59 ans,70-79 ans,7
2006,50-59 ans,80-89 ans,1
2006,50-59 ans,90 ans ou plus,0
2006,50-59 ans,Moins de 20 ans,0
2006,60-69 ans,20-29 ans,13
2006,60-69 ans,30-39 ans,88
2006,60-69 ans,40-49 ans,211
2006,60-69 ans,50-59 ans,578
2006,60-69 ans,60-69 ans,556
2006,60-69 ans,70-79 ans,26
2006,60-69 ans,80-89 ans,1
2006,60-69 ans,90 ans ou plus,0
2006,60-69 ans,Moins de 20 ans,0
2006,70-79 ans,20-29 ans,3
2006,70-79 ans,30-39 ans,7
2006,70-79 ans,40-49 ans,29
2006,70-79 ans,50-59 ans,36
2006,70-79 ans,60-69 ans,103
2006,70-79 ans,70-79 ans,58
2006,70-79 ans,80-89 ans,1
2006,70-79 ans,90 ans ou plus,0
2006,70-79 ans,Moins de 20 ans,0
2006,80-89 ans,20-29 ans,0
2006,80-89 ans,30-39 ans,0
2006,80-89 ans,40-49 ans,4
2006,80-89 ans,50-59 ans,3
2006,80-89 ans,60-69 ans,10
2006,80-89 ans,70-79 ans,8
2006,80-89 ans,80-89 ans,7
2006,80-89 ans,90 ans ou plus,0
2006,80-89 ans,Moins de 20 ans,0
2006,90 ans ou plus,20-29 ans,0
2006,90 ans ou plus,30-39 ans,0
2006,90 ans ou plus,40-49 ans,1
2006,90 ans ou plus,50-59 ans,1
2006,90 ans ou plus,60-69 ans,0
2006,90 ans ou plus,70-79 ans,0
2006,90 ans ou plus,80-89 ans,1
2006,90 ans ou plus,90 ans ou plus,0
2006,90 ans ou plus,Moins de 20 ans,0
2006,Moins de 20 ans,20-29 ans,0
2006,Moins de 20 ans,30-39 ans,0
2006,Moins de 20 ans,40-49 ans,0
2006,Moins de 20 ans,50-59 ans,0
2006,Moins de 20 ans,60-69 ans,0
2006,Moins de 20 ans,70-79 ans,0
2006,Moins de 20 ans,80-89 ans,0
2006,Moins de 20 ans,90 ans ou plus,0
2006,Moins de 20 ans,Moins de 20 ans,0
2007,20-29 ans,20-29 ans,668
2007,20-29 ans,30-39 ans,256
2007,20-29 ans,40-49 ans,60
2007,20-29 ans,50-59 ans,23
2007,20-29 ans,60-69 ans,6
2007,20-29 ans,70-79 ans,2
2007,20-29 ans,80-89 ans,0
2007,20-29 ans,90 ans ou plus,0
2007,20-29 ans,Moins de 20 ans,2
2007,30-39 ans,20-29 ans,913
2007,30-39 ans,30-39 ans,3211
2007,30-39 ans,40-49 ans,833
2007,30-39 ans,50-59 ans,190
2007,30-39 ans,60-69 ans,33
2007,30-39 ans,70-79 ans,1
2007,30-39 ans,80-89 ans,0
2007,30-39 ans,90 ans ou plus,0
2007,30-39 ans,Moins de 20 ans,0
2007,40-49 ans,20-29 ans,182
2007,40-49 ans,30-39 ans,2187
2007,40-49 ans,40-49 ans,4438
2007,40-49 ans,50-59 ans,530
2007,40-49 ans,60-69 ans,48
2007,40-49 ans,70-79 ans,4
2007,40-49 ans,80-89 ans,0
2007,40-49 ans,90 ans ou plus,0
2007,40-49 ans,Moins de 20 ans,0
2007,50-59 ans,20-29 ans,52
2007,50-59 ans,30-39 ans,380
2007,50-59 ans,40-49 ans,1853
2007,50-59 ans,50-59 ans,2041
2007,50-59 ans,60-69 ans,161
2007,50-59 ans,70-79 ans,3
2007,50-59 ans,80-89 ans,1
2007,50-59 ans,90 ans ou plus,0
2007,50-59 ans,Moins de 20 ans,0
2007,60-69 ans,20-29 ans,10
2007,60-69 ans,30-39 ans,67
2007,60-69 ans,40-49 ans,255
2007,60-69 ans,50-59 ans,599
2007,60-69 ans,60-69 ans,551
2007,60-69 ans,70-79 ans,34
2007,60-69 ans,80-89 ans,1
2007,60-69 ans,90 ans ou plus,0
2007,60-69 ans,Moins de 20 ans,0
2007,70-79 ans,20-29 ans,2
2007,70-79 ans,30-39 ans,8
2007,70-79 ans,40-49 ans,29
2007,70-79 ans,50-59 ans,46
2007,70-79 ans,60-69 ans,97
2007,70-79 ans,70-79 ans,63
2007,70-79 ans,80-89 ans,4
2007,70-79 ans,90 ans ou plus,0
2007,70-79 ans,Moins de 20 ans,0
2007,80-89 ans,20-29 ans,0
2007,80-89 ans,30-39 ans,3
2007,80-89 ans,40-49 ans,4
2007,80-89 ans,50-59 ans,2
2007,80-89 ans,60-69 ans,12
2007,80-89 ans,70-79 ans,10
2007,80-89 ans,80-89 ans,4
2007,80-89 ans,90 ans ou plus,0
2007,80-89 ans,Moins de 20 ans,0
2007,90 ans ou plus,20-29 ans,0
2007,90 ans ou plus,30-39 ans,0
2007,90 ans ou plus,40-49 ans,0
2007,90 ans ou plus,50-59 ans,0
2007,90 ans ou plus,60-69 ans,0
2007,90 ans ou plus,70-79 ans,0
2007,90 ans ou plus,80-89 ans,1
2007,90 ans ou plus,90 ans ou plus,1
2007,90 ans ou plus,Moins de 20 ans,0
2007,Moins de 20 ans,20-29 ans,1
2007,Moins de 20 ans,30-39 ans,0
2007,Moins de 20 ans,40-49 ans,0
2007,Moins de 20 ans,50-59 ans,0
2007,Moins de 20 ans,60-69 ans,0
2007,Moins de 20 ans,70-79 ans,0
2007,Moins de 20 ans,80-89 ans,0
2007,Moins de 20 ans,90 ans ou plus,0
2007,Moins de 20 ans,Moins de 20 ans,0
2008,20-29 ans,20-29 ans,660
2008,20-29 ans,30-39 ans,227
2008,20-29 ans,40-49 ans,55
2008,20-29 ans,50-59 ans,23
2008,20-29 ans,60-69 ans,2
2008,20-29 ans,70-79 ans,1
2008,20-29 ans,80-89 ans,0
2008,20-29 ans,90 ans ou plus,0
2008,20-29 ans,Moins de 20 ans,5
2008,30-39 ans,20-29 ans,914
2008,30-39 ans,30-39 ans,3009
2008,30-39 ans,40-49 ans,805
2008,30-39 ans,50-59 ans,165
2008,30-39 ans,60-69 ans,41
2008,30-39 ans,70-79 ans,5
2008,30-39 ans,80-89 ans,0
2008,30-39 ans,90 ans ou plus,0
2008,30-39 ans,Moins de 20 ans,0
2008,40-49 ans,20-29 ans,192
2008,40-49 ans,30-39 ans,2131
2008,40-49 ans,40-49 ans,4473
2008,40-49 ans,50-59 ans,514
2008,40-49 ans,60-69 ans,52
2008,40-49 ans,70-79 ans,3
2008,40-49 ans,80-89 ans,1
2008,40-49 ans,90 ans ou plus,0
2008,40-49 ans,Moins de 20 ans,0
2008,50-59 ans,20-29 ans,46
2008,50-59 ans,30-39 ans,394
2008,50-59 ans,40-49 ans,1857
2008,50-59 ans,50-59 ans,1963
2008,50-59 ans,60-69 ans,170
2008,50-59 ans,70-79 ans,5
2008,50-59 ans,80-89 ans,0
2008,50-59 ans,90 ans ou plus,0
2008,50-59 ans,Moins de 20 ans,0
2008,60-69 ans,20-29 ans,13
2008,60-69 ans,30-39 ans,116
2008,60-69 ans,40-49 ans,221
2008,60-69 ans,50-59 ans,589
2008,60-69 ans,60-69 ans,623
2008,60-69 ans,70-79 ans,24
2008,60-69 ans,80-89 ans,0
2008,60-69 ans,90 ans ou plus,0
2008,60-69 ans,Moins de 20 ans,0
2008,70-79 ans,20-29 ans,2
2008,70-79 ans,30-39 ans,17
2008,70-79 ans,40-49 ans,25
2008,70-79 ans,50-59 ans,43
2008,70-79 ans,60-69 ans,121
2008,70-79 ans,70-79 ans,63
2008,70-79 ans,80-89 ans,6
2008,70-79 ans,90 ans ou plus,0
2008,70-79 ans,Moins de 20 ans,0
2008,80-89 ans,20-29 ans,0
2008,80-89 ans,30-39 ans,1
2008,80-89 ans,40-49 ans,5
2008,80-89 ans,50-59 ans,3
2008,80-89 ans,60-69 ans,16
2008,80-89 ans,70-79 ans,7
2008,80-89 ans,80-89 ans,3
2008,80-89 ans,90 ans ou plus,0
2008,80-89 ans,Moins de 20 ans,0
2008,90 ans ou plus,20-29 ans,0
2008,90 ans ou plus,30-39 ans,0
2008,90 ans ou plus,40-49 ans,1
2008,90 ans ou plus,50-59 ans,0
2008,90 ans ou plus,60-69 ans,0
2008,90 ans ou plus,70-79 ans,0
2008,90 ans ou plus,80-89 ans,0
2008,90 ans ou plus,90 ans ou plus,0
2008,90 ans ou plus,Moins de 20 ans,0
2008,Moins de 20 ans,20-29 ans,1
2008,Moins de 20 ans,30-39 ans,0
2008,Moins de 20 ans,40-49 ans,0
2008,Moins de 20 ans,50-59 ans,0
2008,Moins de 20 ans,60-69 ans,0
2008,Moins de 20 ans,70-79 ans,0
2008,Moins de 20 ans,80-89 ans,0
2008,Moins de 20 ans,90 ans ou plus,0
2008,Moins de 20 ans,Moins de 20 ans,0
2009,20-29 ans,20-29 ans,667
2009,20-29 ans,30-39 ans,228
2009,20-29 ans,40-49 ans,71
2009,20-29 ans,50-59 ans,23
2009,20-29 ans,60-69 ans,4
2009,20-29 ans,70-79 ans,1
2009,20-29 ans,80-89 ans,0
2009,20-29 ans,90 ans ou plus,0
2009,20-29 ans,Moins de 20 ans,0
2009,30-39 ans,20-29 ans,915
2009,30-39 ans,30-39 ans,2932
2009,30-39 ans,40-49 ans,823
2009,30-39 ans,50-59 ans,215
2009,30-39 ans,60-69 ans,40
2009,30-39 ans,70-79 ans,6
2009,30-39 ans,80-89 ans,0
2009,30-39 ans,90 ans ou plus,0
2009,30-39 ans,Moins de 20 ans,0
2009,40-49 ans,20-29 ans,161
2009,40-49 ans,30-39 ans,2000
2009,40-49 ans,40-49 ans,4249
2009,40-49 ans,50-59 ans,557
2009,40-49 ans,60-69 ans,68
2009,40-49 ans,70-79 ans,8
2009,40-49 ans,80-89 ans,1
2009,40-49 ans,90 ans ou plus,0
2009,40-49 ans,Moins de 20 ans,0
2009,50-59 ans,20-29 ans,57
2009,50-59 ans,30-39 ans,392
2009,50-59 ans,40-49 ans,1810
2009,50-59 ans,50-59 ans,1997
2009,50-59 ans,60-69 ans,136
2009,50-59 ans,70-79 ans,2
2009,50-59 ans,80-89 ans,1
2009,50-59 ans,90 ans ou plus,0
2009,50-59 ans,Moins de 20 ans,0
2009,60-69 ans,20-29 ans,11
2009,60-69 ans,30-39 ans,70
2009,60-69 ans,40-49 ans,264
2009,60-69 ans,50-59 ans,664
2009,60-69 ans,60-69 ans,610
2009,60-69 ans,70-79 ans,38
2009,60-69 ans,80-89 ans,3
2009,60-69 ans,90 ans ou plus,0
2009,60-69 ans,Moins de 20 ans,0
2009,70-79 ans,20-29 ans,4
2009,70-79 ans,30-39 ans,17
2009,70-79 ans,40-49 ans,25
2009,70-79 ans,50-59 ans,46
2009,70-79 ans,60-69 ans,109
2009,70-79 ans,70-79 ans,62
2009,70-79 ans,80-89 ans,4
2009,70-79 ans,90 ans ou plus,0
2009,70-79 ans,Moins de 20 ans,0
2009,80-89 ans,20-29 ans,0
2009,80-89 ans,30-39 ans,1
2009,80-89 ans,40-49 ans,1
2009,80-89 ans,50-59 ans,6
2009,80-89 ans,60-69 ans,4
2009,80-89 ans,70-79 ans,9
2009,80-89 ans,80-89 ans,7
2009,80-89 ans,90 ans ou plus,0
2009,80-89 ans,Moins de 20 ans,0
2009,90 ans ou plus,20-29 ans,0
2009,90 ans ou plus,30-39 ans,0
2009,90 ans ou plus,40-49 ans,0
2009,90 ans ou plus,50-59 ans,0
2009,90 ans ou plus,60-69 ans,1
2009,90 ans ou plus,70-79 ans,1
2009,90 ans ou plus,80-89 ans,0
2009,90 ans ou plus,90 ans ou plus,0
2009,90 ans ou plus,Moins de 20 ans,0
2009,Moins de 20 ans,20-29 ans,0
2009,Moins de 20 ans,30-39 ans,0
2009,Moins de 20 ans,40-49 ans,0
2009,Moins de 20 ans,50-59 ans,0
2009,Moins de 20 ans,60-69 ans,0
2009,Moins de 20 ans,70-79 ans,0
2009,Moins de 20 ans,80-89 ans,0
2009,Moins de 20 ans,90 ans ou plus,0
2009,Moins de 20 ans,Moins de 20 ans,0
2010,20-29 ans,20-29 ans,757
2010,20-29 ans,30-39 ans,289
2010,20-29 ans,40-49 ans,72
2010,20-29 ans,50-59 ans,20
2010,20-29 ans,60-69 ans,0
2010,20-29 ans,70-79 ans,0
2010,20-29 ans,80-89 ans,0
2010,20-29 ans,90 ans ou plus,0
2010,20-29 ans,Moins de 20 ans,0
2010,30-39 ans,20-29 ans,1019
2010,30-39 ans,30-39 ans,3200
2010,30-39 ans,40-49 ans,891
2010,30-39 ans,50-59 ans,233
2010,30-39 ans,60-69 ans,43
2010,30-39 ans,70-79 ans,6
2010,30-39 ans,80-89 ans,1
2010,30-39 ans,90 ans ou plus,0
2010,30-39 ans,Moins de 20 ans,0
2010,40-49 ans,20-29 ans,184
2010,40-49 ans,30-39 ans,2367
2010,40-49 ans,40-49 ans,4628
2010,40-49 ans,50-59 ans,622
2010,40-49 ans,60-69 ans,77
2010,40-49 ans,70-79 ans,12
2010,40-49 ans,80-89 ans,0
2010,40-49 ans,90 ans ou plus,0
2010,40-49 ans,Moins de 20 ans,0
2010,50-59 ans,20-29 ans,47
2010,50-59 ans,30-39 ans,455
2010,50-59 ans,40-49 ans,2105
2010,50-59 ans,50-59 ans,2436
2010,50-59 ans,60-69 ans,204
2010,50-59 ans,70-79 ans,14
2010,50-59 ans,80-89 ans,0
2010,50-59 ans,90 ans ou plus,0
2010,50-59 ans,Moins de 20 ans,0
2010,60-69 ans,20-29 ans,12
2010,60-69 ans,30-39 ans,109
2010,60-69 ans,40-49 ans,318
2010,60-69 ans,50-59 ans,842
2010,60-69 ans,60-69 ans,722
2010,60-69 ans,70-79 ans,40
2010,60-69 ans,80-89 ans,0
2010,60-69 ans,90 ans ou plus,0
2010,60-69 ans,Moins de 20 ans,0
2010,70-79 ans,20-29 ans,4
2010,70-79 ans,30-39 ans,18
2010,70-79 ans,40-49 ans,32
2010,70-79 ans,50-59 ans,57
2010,70-79 ans,60-69 ans,134
2010,70-79 ans,70-79 ans,74
2010,70-79 ans,80-89 ans,3
2010,70-79 ans,90 ans ou plus,0
2010,70-79 ans,Moins de 20 ans,0
2010,80-89 ans,20-29 ans,0
2010,80-89 ans,30-39 ans,1
2010,80-89 ans,40-49 ans,3
2010,80-89 ans,50-59 ans,4
2010,80-89 ans,60-69 ans,7
2010,80-89 ans,70-79 ans,10
2010,80-89 ans,80-89 ans,6
2010,80-89 ans,90 ans ou plus,0
2010,80-89 ans,Moins de 20 ans,0
2010,90 ans ou plus,20-29 ans,0
2010,90 ans ou plus,30-39 ans,0
2010,90 ans ou plus,40-49 ans,0
2010,90 ans ou plus,50-59 ans,1
2010,90 ans ou plus,60-69 ans,1
2010,90 ans ou plus,70-79 ans,0
2010,90 ans ou plus,80-89 ans,0
2010,90 ans ou plus,90 ans ou plus,0
2010,90 ans ou plus,Moins de 20 ans,0
2010,Moins de 20 ans,20-29 ans,0
2010,Moins de 20 ans,30-39 ans,0
2010,Moins de 20 ans,40-49 ans,0
2010,Moins de 20 ans,50-59 ans,0
2010,Moins de 20 ans,60-69 ans,0
2010,Moins de 20 ans,70-79 ans,0
2010,Moins de 20 ans,80-89 ans,0
2010,Moins de 20 ans,90 ans ou plus,0
2010,Moins de 20 ans,Moins de 20 ans,1
2011,20-29 ans,20-29 ans,648
2011,20-29 ans,30-39 ans,203
2011,20-29 ans,40-49 ans,42
2011,20-29 ans,50-59 ans,9
2011,20-29 ans,60-69 ans,2
2011,20-29 ans,70-79 ans,0
2011,20-29 ans,80-89 ans,0
2011,20-29 ans,90 ans ou plus,0
2011,20-29 ans,Moins de 20 ans,3
2011,30-39 ans,20-29 ans,804
2011,30-39 ans,30-39 ans,2469
2011,30-39 ans,40-49 ans,661
2011,30-39 ans,50-59 ans,190
2011,30-39 ans,60-69 ans,47
2011,30-39 ans,70-79 ans,6
2011,30-39 ans,80-89 ans,0
2011,30-39 ans,90 ans ou plus,0
2011,30-39 ans,Moins de 20 ans,1
2011,40-49 ans,20-29 ans,162
2011,40-49 ans,30-39 ans,1766
2011,40-49 ans,40-49 ans,3756
2011,40-49 ans,50-59 ans,520
2011,40-49 ans,60-69 ans,68
2011,40-49 ans,70-79 ans,8
2011,40-49 ans,80-89 ans,0
2011,40-49 ans,90 ans ou plus,0
2011,40-49 ans,Moins de 20 ans,0
2011,50-59 ans,20-29 ans,41
2011,50-59 ans,30-39 ans,321
2011,50-59 ans,40-49 ans,1626
2011,50-59 ans,50-59 ans,2079
2011,50-59 ans,60-69 ans,161
2011,50-59 ans,70-79 ans,13
2011,50-59 ans,80-89 ans,2
2011,50-59 ans,90 ans ou plus,0
2011,50-59 ans,Moins de 20 ans,0
2011,60-69 ans,20-29 ans,10
2011,60-69 ans,30-39 ans,96
2011,60-69 ans,40-49 ans,227
2011,60-69 ans,50-59 ans,655
2011,60-69 ans,60-69 ans,650
2011,60-69 ans,70-79 ans,21
2011,60-69 ans,80-89 ans,1
2011,60-69 ans,90 ans ou plus,0
2011,60-69 ans,Moins de 20 ans,0
2011,70-79 ans,20-29 ans,3
2011,70-79 ans,30-39 ans,11
2011,70-79 ans,40-49 ans,22
2011,70-79 ans,50-59 ans,59
2011,70-79 ans,60-69 ans,101
2011,70-79 ans,70-79 ans,64
2011,70-79 ans,80-89 ans,4
2011,70-79 ans,90 ans ou plus,0
2011,70-79 ans,Moins de 20 ans,0
2011,80-89 ans,20-29 ans,0
2011,80-89 ans,30-39 ans,1
2011,80-89 ans,40-49 ans,1
2011,80-89 ans,50-59 ans,5
2011,80-89 ans,60-69 ans,10
2011,80-89 ans,70-79 ans,8
2011,80-89 ans,80-89 ans,6
2011,80-89 ans,90 ans ou plus,0
2011,80-89 ans,Moins de 20 ans,0
2011,90 ans ou plus,20-29 ans,0
2011,90 ans ou plus,30-39 ans,0
2011,90 ans ou plus,40-49 ans,0
2011,90 ans ou plus,50-59 ans,0
2011,90 ans ou plus,60-69 ans,0
2011,90 ans ou plus,70-79 ans,1
2011,90 ans ou plus,80-89 ans,1
2011,90 ans ou plus,90 ans ou plus,0
2011,90 ans ou plus,Moins de 20 ans,0
2011,Moins de 20 ans,20-29 ans,0
2011,Moins de 20 ans,30-39 ans,0
2011,Moins de 20 ans,40-49 ans,0
2011,Moins de 20 ans,50-59 ans,0
2011,Moins de 20 ans,60-69 ans,0
2011,Moins de 20 ans,70-79 ans,0
2011,Moins de 20 ans,80-89 ans,0
2011,Moins de 20 ans,90 ans ou plus,0
2011,Moins de 20 ans,Moins de 20 ans,1
2012,20-29 ans,20-29 ans,646
2012,20-29 ans,30-39 ans,204
2012,20-29 ans,40-49 ans,47
2012,20-29 ans,50-59 ans,14
2012,20-29 ans,60-69 ans,0
2012,20-29 ans,70-79 ans,0
2012,20-29 ans,80-89 ans,0
2012,20-29 ans,90 ans ou plus,0
2012,20-29 ans,Moins de 20 ans,4
2012,30-39 ans,20-29 ans,808
2012,30-39 ans,30-39 ans,2529
2012,30-39 ans,40-49 ans,609
2012,30-39 ans,50-59 ans,187
2012,30-39 ans,60-69 ans,42
2012,30-39 ans,70-79 ans,4
2012,30-39 ans,80-89 ans,2
2012,30-39 ans,90 ans ou plus,0
2012,30-39 ans,Moins de 20 ans,0
2012,40-49 ans,20-29 ans,146
2012,40-49 ans,30-39 ans,1706
2012,40-49 ans,40-49 ans,3604
2012,40-49 ans,50-59 ans,550
2012,40-49 ans,60-69 ans,65
2012,40-49 ans,70-79 ans,10
2012,40-49 ans,80-89 ans,0
2012,40-49 ans,90 ans ou plus,0
2012,40-49 ans,Moins de 20 ans,0
2012,50-59 ans,20-29 ans,32
2012,50-59 ans,30-39 ans,331
2012,50-59 ans,40-49 ans,1726
2012,50-59 ans,50-59 ans,2149
2012,50-59 ans,60-69 ans,169
2012,50-59 ans,70-79 ans,9
2012,50-59 ans,80-89 ans,1
2012,50-59 ans,90 ans ou plus,0
2012,50-59 ans,Moins de 20 ans,0
2012,60-69 ans,20-29 ans,11
2012,60-69 ans,30-39 ans,91
2012,60-69 ans,40-49 ans,238
2012,60-69 ans,50-59 ans,666
2012,60-69 ans,60-69 ans,604
2012,60-69 ans,70-79 ans,28
2012,60-69 ans,80-89 ans,3
2012,60-69 ans,90 ans ou plus,0
2012,60-69 ans,Moins de 20 ans,0
2012,70-79 ans,20-29 ans,3
2012,70-79 ans,30-39 ans,10
2012,70-79 ans,40-49 ans,32
2012,70-79 ans,50-59 ans,58
2012,70-79 ans,60-69 ans,102
2012,70-79 ans,70-79 ans,73
2012,70-79 ans,80-89 ans,5
2012,70-79 ans,90 ans ou plus,0
2012,70-79 ans,Moins de 20 ans,0
2012,80-89 ans,20-29 ans,0
2012,80-89 ans,30-39 ans,0
2012,80-89 ans,40-49 ans,5
2012,80-89 ans,50-59 ans,2
2012,80-89 ans,60-69 ans,6
2012,80-89 ans,70-79 ans,13
2012,80-89 ans,80-89 ans,6
2012,80-89 ans,90 ans ou plus,0
2012,80-89 ans,Moins de 20 ans,0
2012,90 ans ou plus,20-29 ans,0
2012,90 ans ou plus,30-39 ans,0
2012,90 ans ou plus,40-49 ans,0
2012,90 ans ou plus,50-59 ans,0
2012,90 ans ou plus,60-69 ans,0
2012,90 ans ou plus,70-79 ans,0
2012,90 ans ou plus,80-89 ans,0
2012,90 ans ou plus,90 ans ou plus,0
2012,90 ans ou plus,Moins de 20 ans,0
2012,Moins de 20 ans,20-29 ans,0
2012,Moins de 20 ans,30-39 ans,0
2012,Moins de 20 ans,40-49 ans,0
2012,Moins de 20 ans,50-59 ans,0
2012,Moins de 20 ans,60-69 ans,0
2012,Moins de 20 ans,70-79 ans,0
2012,Moins de 20 ans,80-89 ans,0
2012,Moins de 20 ans,90 ans ou plus,0
2012,Moins de 20 ans,Moins de 20 ans,0
2013,20-29 ans,20-29 ans,610
2013,20-29 ans,30-39 ans,187
2013,20-29 ans,40-49 ans,32
2013,20-29 ans,50-59 ans,5
2013,20-29 ans,60-69 ans,0
2013,20-29 ans,70-79 ans,0
2013,20-29 ans,80-89 ans,0
2013,20-29 ans,90 ans ou plus,0
2013,20-29 ans,Moins de 20 ans,6
2013,30-39 ans,20-29 ans,780
2013,30-39 ans,30-39 ans,2413
2013,30-39 ans,40-49 ans,538
2013,30-39 ans,50-59 ans,176
2013,30-39 ans,60-69 ans,37
2013,30-39 ans,70-79 ans,3
2013,30-39 ans,80-89 ans,0
2013,30-39 ans,90 ans ou plus,0
2013,30-39 ans,Moins de 20 ans,0
2013,40-49 ans,20-29 ans,117
2013,40-49 ans,30-39 ans,1648
2013,40-49 ans,40-49 ans,3508
2013,40-49 ans,50-59 ans,556
2013,40-49 ans,60-69 ans,83
2013,40-49 ans,70-79 ans,10
2013,40-49 ans,80-89 ans,0
2013,40-49 ans,90 ans ou plus,0
2013,40-49 ans,Moins de 20 ans,0
2013,50-59 ans,20-29 ans,48
2013,50-59 ans,30-39 ans,359
2013,50-59 ans,40-49 ans,1650
2013,50-59 ans,50-59 ans,2163
2013,50-59 ans,60-69 ans,183
2013,50-59 ans,70-79 ans,13
2013,50-59 ans,80-89 ans,1
2013,50-59 ans,90 ans ou plus,0
2013,50-59 ans,Moins de 20 ans,0
2013,60-69 ans,20-29 ans,6
2013,60-69 ans,30-39 ans,95
2013,60-69 ans,40-49 ans,229
2013,60-69 ans,50-59 ans,649
2013,60-69 ans,60-69 ans,622
2013,60-69 ans,70-79 ans,38
2013,60-69 ans,80-89 ans,0
2013,60-69 ans,90 ans ou plus,0
2013,60-69 ans,Moins de 20 ans,0
2013,70-79 ans,20-29 ans,1
2013,70-79 ans,30-39 ans,18
2013,70-79 ans,40-49 ans,25
2013,70-79 ans,50-59 ans,64
2013,70-79 ans,60-69 ans,132
2013,70-79 ans,70-79 ans,71
2013,70-79 ans,80-89 ans,6
2013,70-79 ans,90 ans ou plus,0
2013,70-79 ans,Moins de 20 ans,0
2013,80-89 ans,20-29 ans,0
2013,80-89 ans,30-39 ans,2
2013,80-89 ans,40-49 ans,3
2013,80-89 ans,50-59 ans,4
2013,80-89 ans,60-69 ans,10
2013,80-89 ans,70-79 ans,6
2013,80-89 ans,80-89 ans,7
2013,80-89 ans,90 ans ou plus,0
2013,80-89 ans,Moins de 20 ans,0
2013,90 ans ou plus,20-29 ans,0
2013,90 ans ou plus,30-39 ans,0
2013,90 ans ou plus,40-49 ans,0
2013,90 ans ou plus,50-59 ans,0
2013,90 ans ou plus,60-69 ans,1
2013,90 ans ou plus,70-79 ans,0
2013,90 ans ou plus,80-89 ans,2
2013,90 ans ou plus,90 ans ou plus,0
2013,90 ans ou plus,Moins de 20 ans,0
2013,Moins de 20 ans,20-29 ans,2
2013,Moins de 20 ans,30-39 ans,0
2013,Moins de 20 ans,40-49 ans,0
2013,Moins de 20 ans,50-59 ans,0
2013,Moins de 20 ans,60-69 ans,0
2013,Moins de 20 ans,70-79 ans,0
2013,Moins de 20 ans,80-89 ans,0
2013,Moins de 20 ans,90 ans ou plus,0
2013,Moins de 20 ans,Moins de 20 ans,0
2014,20-29 ans,20-29 ans,587
2014,20-29 ans,30-39 ans,172
2014,20-29 ans,40-49 ans,20
2014,20-29 ans,50-59 ans,8
2014,20-29 ans,60-69 ans,3
2014,20-29 ans,70-79 ans,0
2014,20-29 ans,80-89 ans,0
2014,20-29 ans,90 ans ou plus,0
2014,20-29 ans,Moins de 20 ans,9
2014,30-39 ans,20-29 ans,775
2014,30-39 ans,30-39 ans,2279
2014,30-39 ans,40-49 ans,524
2014,30-39 ans,50-59 ans,147
2014,30-39 ans,60-69 ans,27
2014,30-39 ans,70-79 ans,6
2014,30-39 ans,80-89 ans,0
2014,30-39 ans,90 ans ou plus,0
2014,30-39 ans,Moins de 20 ans,2
2014,40-49 ans,20-29 ans,113
2014,40-49 ans,30-39 ans,1532
2014,40-49 ans,40-49 ans,3289
2014,40-49 ans,50-59 ans,557
2014,40-49 ans,60-69 ans,72
2014,40-49 ans,70-79 ans,10
2014,40-49 ans,80-89 ans,1
2014,40-49 ans,90 ans ou plus,0
2014,40-49 ans,Moins de 20 ans,0
2014,50-59 ans,20-29 ans,23
2014,50-59 ans,30-39 ans,339
2014,50-59 ans,40-49 ans,1651
2014,50-59 ans,50-59 ans,2249
2014,50-59 ans,60-69 ans,182
2014,50-59 ans,70-79 ans,11
2014,50-59 ans,80-89 ans,0
2014,50-59 ans,90 ans ou plus,0
2014,50-59 ans,Moins de 20 ans,0
2014,60-69 ans,20-29 ans,4
2014,60-69 ans,30-39 ans,96
2014,60-69 ans,40-49 ans,251
2014,60-69 ans,50-59 ans,702
2014,60-69 ans,60-69 ans,656
2014,60-69 ans,70-79 ans,35
2014,60-69 ans,80-89 ans,2
2014,60-69 ans,90 ans ou plus,0
2014,60-69 ans,Moins de 20 ans,0
2014,70-79 ans,20-29 ans,1
2014,70-79 ans,30-39 ans,18
2014,70-79 ans,40-49 ans,47
2014,70-79 ans,50-59 ans,76
2014,70-79 ans,60-69 ans,104
2014,70-79 ans,70-79 ans,100
2014,70-79 ans,80-89 ans,7
2014,70-79 ans,90 ans ou plus,0
2014,70-79 ans,Moins de 20 ans,0
2014,80-89 ans,20-29 ans,0
2014,80-89 ans,30-39 ans,0
2014,80-89 ans,40-49 ans,4
2014,80-89 ans,50-59 ans,3
2014,80-89 ans,60-69 ans,10
2014,80-89 ans,70-79 ans,23
2014,80-89 ans,80-89 ans,6
2014,80-89 ans,90 ans ou plus,0
2014,80-89 ans,Moins de 20 ans,0
2014,90 ans ou plus,20-29 ans,0
2014,90 ans ou plus,30-39 ans,0
2014,90 ans ou plus,40-49 ans,1
2014,90 ans ou plus,50-59 ans,0
2014,90 ans ou plus,60-69 ans,1
2014,90 ans ou plus,70-79 ans,1
2014,90 ans ou plus,80-89 ans,0
2014,90 ans ou plus,90 ans ou plus,1
2014,90 ans ou plus,Moins de 20 ans,0
2014,Moins de 20 ans,20-29 ans,0
2014,Moins de 20 ans,30-39 ans,0
2014,Moins de 20 ans,40-49 ans,0
2014,Moins de 20 ans,50-59 ans,0
2014,Moins de 20 ans,60-69 ans,0
2014,Moins de 20 ans,70-79 ans,0
2014,Moins de 20 ans,80-89 ans,0
2014,Moins de 20 ans,90 ans ou plus,0
2014,Moins de 20 ans,Moins de 20 ans,0
2015,20-29 ans,20-29 ans,574
2015,20-29 ans,30-39 ans,173
2015,20-29 ans,40-49 ans,30
2015,20-29 ans,50-59 ans,5
2015,20-29 ans,60-69 ans,0
2015,20-29 ans,70-79 ans,0
2015,20-29 ans,80-89 ans,0
2015,20-29 ans,90 ans ou plus,0
2015,20-29 ans,Moins de 20 ans,1
2015,30-39 ans,20-29 ans,710
2015,30-39 ans,30-39 ans,2482
2015,30-39 ans,40-49 ans,505
2015,30-39 ans,50-59 ans,163
2015,30-39 ans,60-69 ans,37
2015,30-39 ans,70-79 ans,4
2015,30-39 ans,80-89 ans,0
2015,30-39 ans,90 ans ou plus,0
2015,30-39 ans,Moins de 20 ans,0
2015,40-49 ans,20-29 ans,101
2015,40-49 ans,30-39 ans,1599
2015,40-49 ans,40-49 ans,3159
2015,40-49 ans,50-59 ans,575
2015,40-49 ans,60-69 ans,74
2015,40-49 ans,70-79 ans,12
2015,40-49 ans,80-89 ans,0
2015,40-49 ans,90 ans ou plus,0
2015,40-49 ans,Moins de 20 ans,0
2015,50-59 ans,20-29 ans,26
2015,50-59 ans,30-39 ans,349
2015,50-59 ans,40-49 ans,1741
2015,50-59 ans,50-59 ans,2292
2015,50-59 ans,60-69 ans,171
2015,50-59 ans,70-79 ans,7
2015,50-59 ans,80-89 ans,2
2015,50-59 ans,90 ans ou plus,0
2015,50-59 ans,Moins de 20 ans,0
2015,60-69 ans,20-29 ans,7
2015,60-69 ans,30-39 ans,67
2015,60-69 ans,40-49 ans,227
2015,60-69 ans,50-59 ans,698
2015,60-69 ans,60-69 ans,668
2015,60-69 ans,70-79 ans,45
2015,60-69 ans,80-89 ans,3
2015,60-69 ans,90 ans ou plus,0
2015,60-69 ans,Moins de 20 ans,0
2015,70-79 ans,20-29 ans,0
2015,70-79 ans,30-39 ans,21
2015,70-79 ans,40-49 ans,42
2015,70-79 ans,50-59 ans,81
2015,70-79 ans,60-69 ans,164
2015,70-79 ans,70-79 ans,98
2015,70-79 ans,80-89 ans,6
2015,70-79 ans,90 ans ou plus,0
2015,70-79 ans,Moins de 20 ans,0
2015,80-89 ans,20-29 ans,0
2015,80-89 ans,30-39 ans,1
2015,80-89 ans,40-49 ans,3
2015,80-89 ans,50-59 ans,3
2015,80-89 ans,60-69 ans,10
2015,80-89 ans,70-79 ans,14
2015,80-89 ans,80-89 ans,6
2015,80-89 ans,90 ans ou plus,0
2015,80-89 ans,Moins de 20 ans,0
2015,90 ans ou plus,20-29 ans,0
2015,90 ans ou plus,30-39 ans,0
2015,90 ans ou plus,40-49 ans,1
2015,90 ans ou plus,50-59 ans,1
2015,90 ans ou plus,60-69 ans,1
2015,90 ans ou plus,70-79 ans,1
2015,90 ans ou plus,80-89 ans,0
2015,90 ans ou plus,90 ans ou plus,0
2015,90 ans ou plus,Moins de 20 ans,0
2015,Moins de 20 ans,20-29 ans,0
2015,Moins de 20 ans,30-39 ans,0
2015,Moins de 20 ans,40-49 ans,0
2015,Moins de 20 ans,50-59 ans,0
2015,Moins de 20 ans,60-69 ans,0
2015,Moins de 20 ans,70-79 ans,0
2015,Moins de 20 ans,80-89 ans,0
2015,Moins de 20 ans,90 ans ou plus,0
2015,Moins de 20 ans,Moins de 20 ans,0
2016,20-29 ans,20-29 ans,539
2016,20-29 ans,30-39 ans,169
2016,20-29 ans,40-49 ans,23
2016,20-29 ans,50-59 ans,9
2016,20-29 ans,60-69 ans,2
2016,20-29 ans,70-79 ans,0
2016,20-29 ans,80-89 ans,0
2016,20-29 ans,90 ans ou plus,0
2016,20-29 ans,Moins de 20 ans,3
2016,30-39 ans,20-29 ans,681
2016,30-39 ans,30-39 ans,2479
2016,30-39 ans,40-49 ans,502
2016,30-39 ans,50-59 ans,131
2016,30-39 ans,60-69 ans,28
2016,30-39 ans,70-79 ans,3
2016,30-39 ans,80-89 ans,0
2016,30-39 ans,90 ans ou plus,0
2016,30-39 ans,Moins de 20 ans,0
2016,40-49 ans,20-29 ans,103
2016,40-49 ans,30-39 ans,1557
2016,40-49 ans,40-49 ans,3278
2016,40-49 ans,50-59 ans,503
2016,40-49 ans,60-69 ans,64
2016,40-49 ans,70-79 ans,8
2016,40-49 ans,80-89 ans,4
2016,40-49 ans,90 ans ou plus,0
2016,40-49 ans,Moins de 20 ans,0
2016,50-59 ans,20-29 ans,27
2016,50-59 ans,30-39 ans,387
2016,50-59 ans,40-49 ans,1805
2016,50-59 ans,50-59 ans,2347
2016,50-59 ans,60-69 ans,189
2016,50-59 ans,70-79 ans,13
2016,50-59 ans,80-89 ans,0
2016,50-59 ans,90 ans ou plus,0
2016,50-59 ans,Moins de 20 ans,0
2016,60-69 ans,20-29 ans,4
2016,60-69 ans,30-39 ans,60
2016,60-69 ans,40-49 ans,216
2016,60-69 ans,50-59 ans,798
2016,60-69 ans,60-69 ans,664
2016,60-69 ans,70-79 ans,34
2016,60-69 ans,80-89 ans,1
2016,60-69 ans,90 ans ou plus,0
2016,60-69 ans,Moins de 20 ans,0
2016,70-79 ans,20-29 ans,1
2016,70-79 ans,30-39 ans,9
2016,70-79 ans,40-49 ans,34
2016,70-79 ans,50-59 ans,60
2016,70-79 ans,60-69 ans,140
2016,70-79 ans,70-79 ans,96
2016,70-79 ans,80-89 ans,4
2016,70-79 ans,90 ans ou plus,0
2016,70-79 ans,Moins de 20 ans,0
2016,80-89 ans,20-29 ans,0
2016,80-89 ans,30-39 ans,1
2016,80-89 ans,40-49 ans,3
2016,80-89 ans,50-59 ans,5
2016,80-89 ans,60-69 ans,14
2016,80-89 ans,70-79 ans,16
2016,80-89 ans,80-89 ans,9
2016,80-89 ans,90 ans ou plus,1
2016,80-89 ans,Moins de 20 ans,0
2016,90 ans ou plus,20-29 ans,0
2016,90 ans ou plus,30-39 ans,1
2016,90 ans ou plus,40-49 ans,0
2016,90 ans ou plus,50-59 ans,1
2016,90 ans ou plus,60-69 ans,0
2016,90 ans ou plus,70-79 ans,0
2016,90 ans ou plus,80-89 ans,1
2016,90 ans ou plus,90 ans ou plus,0
2016,90 ans ou plus,Moins de 20 ans,0
2016,Moins de 20 ans,20-29 ans,1
2016,Moins de 20 ans,30-39 ans,0
2016,Moins de 20 ans,40-49 ans,0
2016,Moins de 20 ans,50-59 ans,0
2016,Moins de 20 ans,60-69 ans,0
2016,Moins de 20 ans,70-79 ans,0
2016,Moins de 20 ans,80-89 ans,0
2016,Moins de 20 ans,90 ans ou plus,0
2016,Moins de 20 ans,Moins de 20 ans,0
2017,20-29 ans,20-29 ans,524
2017,20-29 ans,30-39 ans,174
2017,20-29 ans,40-49 ans,16
2017,20-29 ans,50-59 ans,6
2017,20-29 ans,60-69 ans,0
2017,20-29 ans,70-79 ans,0
2017,20-29 ans,80-89 ans,0
2017,20-29 ans,90 ans ou plus,0
2017,20-29 ans,Moins de 20 ans,2
2017,30-39 ans,20-29 ans,651
2017,30-39 ans,30-39 ans,2298
2017,30-39 ans,40-49 ans,462
2017,30-39 ans,50-59 ans,100
2017,30-39 ans,60-69 ans,20
2017,30-39 ans,70-79 ans,4
2017,30-39 ans,80-89 ans,0
2017,30-39 ans,90 ans ou plus,0
2017,30-39 ans,Moins de 20 ans,0
2017,40-49 ans,20-29 ans,71
2017,40-49 ans,30-39 ans,1458
2017,40-49 ans,40-49 ans,2818
2017,40-49 ans,50-59 ans,520
2017,40-49 ans,60-69 ans,71
2017,40-49 ans,70-79 ans,11
2017,40-49 ans,80-89 ans,0
2017,40-49 ans,90 ans ou plus,0
2017,40-49 ans,Moins de 20 ans,0
2017,50-59 ans,20-29 ans,17
2017,50-59 ans,30-39 ans,306
2017,50-59 ans,40-49 ans,1654
2017,50-59 ans,50-59 ans,2341
2017,50-59 ans,60-69 ans,201
2017,50-59 ans,70-79 ans,12
2017,50-59 ans,80-89 ans,0
2017,50-59 ans,90 ans ou plus,0
2017,50-59 ans,Moins de 20 ans,0
2017,60-69 ans,20-29 ans,6
2017,60-69 ans,30-39 ans,87
2017,60-69 ans,40-49 ans,263
2017,60-69 ans,50-59 ans,737
2017,60-69 ans,60-69 ans,613
2017,60-69 ans,70-79 ans,35
2017,60-69 ans,80-89 ans,1
2017,60-69 ans,90 ans ou plus,0
2017,60-69 ans,Moins de 20 ans,0
2017,70-79 ans,20-29 ans,2
2017,70-79 ans,30-39 ans,8
2017,70-79 ans,40-49 ans,34
2017,70-79 ans,50-59 ans,76
2017,70-79 ans,60-69 ans,154
2017,70-79 ans,70-79 ans,101
2017,70-79 ans,80-89 ans,2
2017,70-79 ans,90 ans ou plus,0
2017,70-79 ans,Moins de 20 ans,0
2017,80-89 ans,20-29 ans,0
2017,80-89 ans,30-39 ans,1
2017,80-89 ans,40-49 ans,8
2017,80-89 ans,50-59 ans,3
2017,80-89 ans,60-69 ans,9
2017,80-89 ans,70-79 ans,19
2017,80-89 ans,80-89 ans,7
2017,80-89 ans,90 ans ou plus,0
2017,80-89 ans,Moins de 20 ans,0
2017,90 ans ou plus,20-29 ans,0
2017,90 ans ou plus,30-39 ans,1
2017,90 ans ou plus,40-49 ans,0
2017,90 ans ou plus,50-59 ans,0
2017,90 ans ou plus,60-69 ans,1
2017,90 ans ou plus,70-79 ans,1
2017,90 ans ou plus,80-89 ans,0
2017,90 ans ou plus,90 ans ou plus,0
2017,90 ans ou plus,Moins de 20 ans,0
2017,Moins de 20 ans,20-29 ans,0
2017,Moins de 20 ans,30-39 ans,0
2017,Moins de 20 ans,40-49 ans,0
2017,Moins de 20 ans,50-59 ans,0
2017,Moins de 20 ans,60-69 ans,0
2017,Moins de 20 ans,70-79 ans,0
2017,Moins de 20 ans,80-89 ans,0
2017,Moins de 20 ans,90 ans ou plus,0
2017,Moins de 20 ans,Moins de 20 ans,0
2018,20-29 ans,20-29 ans,460
2018,20-29 ans,30-39 ans,141
2018,20-29 ans,40-49 ans,16
2018,20-29 ans,50-59 ans,8
2018,20-29 ans,60-69 ans,0
2018,20-29 ans,70-79 ans,0
2018,20-29 ans,80-89 ans,0
2018,20-29 ans,90 ans ou plus,0
2018,20-29 ans,Moins de 20 ans,1
2018,30-39 ans,20-29 ans,649
2018,30-39 ans,30-39 ans,2438
2018,30-39 ans,40-49 ans,465
2018,30-39 ans,50-59 ans,100
2018,30-39 ans,60-69 ans,19
2018,30-39 ans,70-79 ans,5
2018,30-39 ans,80-89 ans,0
2018,30-39 ans,90 ans ou plus,0
2018,30-39 ans,Moins de 20 ans,0
2018,40-49 ans,20-29 ans,83
2018,40-49 ans,30-39 ans,1526
2018,40-49 ans,40-49 ans,2877
2018,40-49 ans,50-59 ans,553
2018,40-49 ans,60-69 ans,74
2018,40-49 ans,70-79 ans,11
2018,40-49 ans,80-89 ans,0
2018,40-49 ans,90 ans ou plus,0
2018,40-49 ans,Moins de 20 ans,0
2018,50-59 ans,20-29 ans,19
2018,50-59 ans,30-39 ans,280
2018,50-59 ans,40-49 ans,1696
2018,50-59 ans,50-59 ans,2517
2018,50-59 ans,60-69 ans,205
2018,50-59 ans,70-79 ans,19
2018,50-59 ans,80-89 ans,0
2018,50-59 ans,90 ans ou plus,0
2018,50-59 ans,Moins de 20 ans,0
2018,60-69 ans,20-29 ans,3
2018,60-69 ans,30-39 ans,78
2018,60-69 ans,40-49 ans,239
2018,60-69 ans,50-59 ans,836
2018,60-69 ans,60-69 ans,708
2018,60-69 ans,70-79 ans,31
2018,60-69 ans,80-89 ans,1
2018,60-69 ans,90 ans ou plus,0
2018,60-69 ans,Moins de 20 ans,0
2018,70-79 ans,20-29 ans,0
2018,70-79 ans,30-39 ans,20
2018,70-79 ans,40-49 ans,34
2018,70-79 ans,50-59 ans,82
2018,70-79 ans,60-69 ans,181
2018,70-79 ans,70-79 ans,105
2018,70-79 ans,80-89 ans,2
2018,70-79 ans,90 ans ou plus,0
2018,70-79 ans,Moins de 20 ans,0
2018,80-89 ans,20-29 ans,1
2018,80-89 ans,30-39 ans,0
2018,80-89 ans,40-49 ans,4
2018,80-89 ans,50-59 ans,8
2018,80-89 ans,60-69 ans,13
2018,80-89 ans,70-79 ans,20
2018,80-89 ans,80-89 ans,13
2018,80-89 ans,90 ans ou plus,0
2018,80-89 ans,Moins de 20 ans,0
2018,90 ans ou plus,20-29 ans,0
2018,90 ans ou plus,30-39 ans,0
2018,90 ans ou plus,40-49 ans,0
2018,90 ans ou plus,50-59 ans,0
2018,90 ans ou plus,60-69 ans,1
2018,90 ans ou plus,70-79 ans,0
2018,90 ans ou plus,80-89 ans,0
2018,90 ans ou plus,90 ans ou plus,0
2018,90 ans ou plus,Moins de 20 ans,0
2018,Moins de 20 ans,20-29 ans,0
2018,Moins de 20 ans,30-39 ans,0
2018,Moins de 20 ans,40-49 ans,0
2018,Moins de 20 ans,50-59 ans,0
2018,Moins de 20 ans,60-69 ans,0
2018,Moins de 20 ans,70-79 ans,0
2018,Moins de 20 ans,80-89 ans,0
2018,Moins de 20 ans,90 ans ou plus,0
2018,Moins de 20 ans,Moins de 20 ans,0
2019,20-29 ans,20-29 ans,416
2019,20-29 ans,30-39 ans,152
2019,20-29 ans,40-49 ans,19
2019,20-29 ans,50-59 ans,3
2019,20-29 ans,60-69 ans,1
2019,20-29 ans,70-79 ans,0
2019,20-29 ans,80-89 ans,0
2019,20-29 ans,90 ans ou plus,0
2019,20-29 ans,Moins de 20 ans,2
2019,30-39 ans,20-29 ans,603
2019,30-39 ans,30-39 ans,2478
2019,30-39 ans,40-49 ans,450
2019,30-39 ans,50-59 ans,115
2019,30-39 ans,60-69 ans,18
2019,30-39 ans,70-79 ans,4
2019,30-39 ans,80-89 ans,0
2019,30-39 ans,90 ans ou plus,0
2019,30-39 ans,Moins de 20 ans,1
2019,40-49 ans,20-29 ans,68
2019,40-49 ans,30-39 ans,1509
2019,40-49 ans,40-49 ans,2960
2019,40-49 ans,50-59 ans,530
2019,40-49 ans,60-69 ans,66
2019,40-49 ans,70-79 ans,6
2019,40-49 ans,80-89 ans,0
2019,40-49 ans,90 ans ou plus,0
2019,40-49 ans,Moins de 20 ans,0
2019,50-59 ans,20-29 ans,25
2019,50-59 ans,30-39 ans,312
2019,50-59 ans,40-49 ans,1709
2019,50-59 ans,50-59 ans,2577
2019,50-59 ans,60-69 ans,234
2019,50-59 ans,70-79 ans,11
2019,50-59 ans,80-89 ans,2
2019,50-59 ans,90 ans ou plus,0
2019,50-59 ans,Moins de 20 ans,0
2019,60-69 ans,20-29 ans,9
2019,60-69 ans,30-39 ans,60
2019,60-69 ans,40-49 ans,251
2019,60-69 ans,50-59 ans,907
2019,60-69 ans,60-69 ans,796
2019,60-69 ans,70-79 ans,51
2019,60-69 ans,80-89 ans,1
2019,60-69 ans,90 ans ou plus,0
2019,60-69 ans,Moins de 20 ans,0
2019,70-79 ans,20-29 ans,1
2019,70-79 ans,30-39 ans,13
2019,70-79 ans,40-49 ans,50
2019,70-79 ans,50-59 ans,83
2019,70-79 ans,60-69 ans,180
2019,70-79 ans,70-79 ans,131
2019,70-79 ans,80-89 ans,7
2019,70-79 ans,90 ans ou plus,0
2019,70-79 ans,Moins de 20 ans,0
2019,80-89 ans,20-29 ans,0
2019,80-89 ans,30-39 ans,3
2019,80-89 ans,40-49 ans,5
2019,80-89 ans,50-59 ans,5
2019,80-89 ans,60-69 ans,20
2019,80-89 ans,70-79 ans,18
2019,80-89 ans,80-89 ans,18
2019,80-89 ans,90 ans ou plus,0
2019,80-89 ans,Moins de 20 ans,0
2019,90 ans ou plus,20-29 ans,0
2019,90 ans ou plus,30-39 ans,0
2019,90 ans ou plus,40-49 ans,1
2019,90 ans ou plus,50-59 ans,0
2019,90 ans ou plus,60-69 ans,0
2019,90 ans ou plus,70-79 ans,0
2019,90 ans ou plus,80-89 ans,2
2019,90 ans ou plus,90 ans ou plus,0
2019,90 ans ou plus,Moins de 20 ans,0
2019,Moins de 20 ans,20-29 ans,1
2019,Moins de 20 ans,30-39 ans,0
2019,Moins de 20 ans,40-49 ans,0
2019,Moins de 20 ans,50-59 ans,0
2019,Moins de 20 ans,60-69 ans,0
2019,Moins de 20 ans,70-79 ans,0
2019,Moins de 20 ans,80-89 ans,0
2019,Moins de 20 ans,90 ans ou plus,0
2019,Moins de 20 ans,Moins de 20 ans,1
2020,20-29 ans,20-29 ans,398
2020,20-29 ans,30-39 ans,127
2020,20-29 ans,40-49 ans,9
2020,20-29 ans,50-59 ans,4
2020,20-29 ans,60-69 ans,1
2020,20-29 ans,70-79 ans,0
2020,20-29 ans,80-89 ans,0
2020,20-29 ans,90 ans ou plus,0
2020,20-29 ans,Moins de 20 ans,1
2020,30-39 ans,20-29 ans,537
2020,30-39 ans,30-39 ans,2386
2020,30-39 ans,40-49 ans,418
2020,30-39 ans,50-59 ans,82
2020,30-39 ans,60-69 ans,21
2020,30-39 ans,70-79 ans,0
2020,30-39 ans,80-89 ans,0
2020,30-39 ans,90 ans ou plus,0
2020,30-39 ans,Moins de 20 ans,0
2020,40-49 ans,20-29 ans,61
2020,40-49 ans,30-39 ans,1431
2020,40-49 ans,40-49 ans,2883
2020,40-49 ans,50-59 ans,466
2020,40-49 ans,60-69 ans,63
2020,40-49 ans,70-79 ans,7
2020,40-49 ans,80-89 ans,3
2020,40-49 ans,90 ans ou plus,0
2020,40-49 ans,Moins de 20 ans,0
2020,50-59 ans,20-29 ans,17
2020,50-59 ans,30-39 ans,270
2020,50-59 ans,40-49 ans,1704
2020,50-59 ans,50-59 ans,2600
2020,50-59 ans,60-69 ans,249
2020,50-59 ans,70-79 ans,10
2020,50-59 ans,80-89 ans,3
2020,50-59 ans,90 ans ou plus,0
2020,50-59 ans,Moins de 20 ans,0
2020,60-69 ans,20-29 ans,3
2020,60-69 ans,30-39 ans,59
2020,60-69 ans,40-49 ans,259
2020,60-69 ans,50-59 ans,801
2020,60-69 ans,60-69 ans,799
2020,60-69 ans,70-79 ans,42
2020,60-69 ans,80-89 ans,1
2020,60-69 ans,90 ans ou plus,1
2020,60-69 ans,Moins de 20 ans,0
2020,70-79 ans,20-29 ans,1
2020,70-79 ans,30-39 ans,11
2020,70-79 ans,40-49 ans,45
2020,70-79 ans,50-59 ans,71
2020,70-79 ans,60-69 ans,190
2020,70-79 ans,70-79 ans,123
2020,70-79 ans,80-89 ans,4
2020,70-79 ans,90 ans ou plus,0
2020,70-79 ans,Moins de 20 ans,0
2020,80-89 ans,20-29 ans,0
2020,80-89 ans,30-39 ans,1
2020,80-89 ans,40-49 ans,0
2020,80-89 ans,50-59 ans,6
2020,80-89 ans,60-69 ans,16
2020,80-89 ans,70-79 ans,10
2020,80-89 ans,80-89 ans,13
2020,80-89 ans,90 ans ou plus,1
2020,80-89 ans,Moins de 20 ans,0
2020,90 ans ou plus,20-29 ans,0
2020,90 ans ou plus,30-39 ans,0
2020,90 ans ou plus,40-49 ans,0
2020,90 ans ou plus,50-59 ans,0
2020,90 ans ou plus,60-69 ans,0
2020,90 ans ou plus,70-79 ans,0
2020,90 ans ou plus,80-89 ans,1
2020,90 ans ou plus,90 ans ou plus,0
2020,90 ans ou plus,Moins de 20 ans,0
2020,Moins de 20 ans,20-29 ans,1
2020,Moins de 20 ans,30-39 ans,0
2020,Moins de 20 ans,40-49 ans,0
2020,Moins de 20 ans,50-59 ans,0
2020,Moins de 20 ans,60-69 ans,0
2020,Moins de 20 ans,70-79 ans,0
2020,Moins de 20 ans,80-89 ans,0
2020,Moins de 20 ans,90 ans ou plus,0
2020,Moins de 20 ans,Moins de 20 ans,0
2021,20-29 ans,20-29 ans,362
2021,20-29 ans,30-39 ans,130
2021,20-29 ans,40-49 ans,13
2021,20-29 ans,50-59 ans,3
2021,20-29 ans,60-69 ans,0
2021,20-29 ans,70-79 ans,0
2021,20-29 ans,80-89 ans,0
2021,20-29 ans,90 ans ou plus,0
2021,20-29 ans,Moins de 20 ans,4
2021,30-39 ans,20-29 ans,533
2021,30-39 ans,30-39 ans,2411
2021,30-39 ans,40-49 ans,441
2021,30-39 ans,50-59 ans,101
2021,30-39 ans,60-69 ans,21
2021,30-39 ans,70-79 ans,0
2021,30-39 ans,80-89 ans,0
2021,30-39 ans,90 ans ou plus,0
2021,30-39 ans,Moins de 20 ans,0
2021,40-49 ans,20-29 ans,52
2021,40-49 ans,30-39 ans,1521
2021,40-49 ans,40-49 ans,3078
2021,40-49 ans,50-59 ans,498
2021,40-49 ans,60-69 ans,68
2021,40-49 ans,70-79 ans,6
2021,40-49 ans,80-89 ans,0
2021,40-49 ans,90 ans ou plus,0
2021,40-49 ans,Moins de 20 ans,0
2021,50-59 ans,20-29 ans,24
2021,50-59 ans,30-39 ans,298
2021,50-59 ans,40-49 ans,1784
2021,50-59 ans,50-59 ans,2758
2021,50-59 ans,60-69 ans,251
2021,50-59 ans,70-79 ans,13
2021,50-59 ans,80-89 ans,2
2021,50-59 ans,90 ans ou plus,0
2021,50-59 ans,Moins de 20 ans,0
2021,60-69 ans,20-29 ans,5
2021,60-69 ans,30-39 ans,54
2021,60-69 ans,40-49 ans,288
2021,60-69 ans,50-59 ans,985
2021,60-69 ans,60-69 ans,817
2021,60-69 ans,70-79 ans,60
2021,60-69 ans,80-89 ans,4
2021,60-69 ans,90 ans ou plus,0
2021,60-69 ans,Moins de 20 ans,0
2021,70-79 ans,20-29 ans,2
2021,70-79 ans,30-39 ans,10
2021,70-79 ans,40-49 ans,44
2021,70-79 ans,50-59 ans,95
2021,70-79 ans,60-69 ans,201
2021,70-79 ans,70-79 ans,145
2021,70-79 ans,80-89 ans,7
2021,70-79 ans,90 ans ou plus,1
2021,70-79 ans,Moins de 20 ans,0
2021,80-89 ans,20-29 ans,0
2021,80-89 ans,30-39 ans,2
2021,80-89 ans,40-49 ans,3
2021,80-89 ans,50-59 ans,7
2021,80-89 ans,60-69 ans,12
2021,80-89 ans,70-79 ans,30
2021,80-89 ans,80-89 ans,13
2021,80-89 ans,90 ans ou plus,0
2021,80-89 ans,Moins de 20 ans,0
2021,90 ans ou plus,20-29 ans,0
2021,90 ans ou plus,30-39 ans,0
2021,90 ans ou plus,40-49 ans,0
2021,90 ans ou plus,50-59 ans,0
2021,90 ans ou plus,60-69 ans,1
2021,90 ans ou plus,70-79 ans,1
2021,90 ans ou plus,80-89 ans,0
2021,90 ans ou plus,90 ans ou plus,0
2021,90 ans ou plus,Moins de 20 ans,0
2021,Moins de 20 ans,20-29 ans,0
2021,Moins de 20 ans,30-39 ans,0
2021,Moins de 20 ans,40-49 ans,0
2021,Moins de 20 ans,50-59 ans,0
2021,Moins de 20 ans,60-69 ans,0
2021,Moins de 20 ans,70-79 ans,0
2021,Moins de 20 ans,80-89 ans,0
2021,Moins de 20 ans,90 ans ou plus,0
2021,Moins de 20 ans,Moins de 20 ans,0
